RowIndex,Col_01,Col_02,Col_03,Col_04,Col_05,Col_06,Col_07,Col_08,Col_09,Col_10,Col_11,Col_12,Col_13,Col_14,Col_15,Col_16,Col_17,Col_18,Col_19,Col_20,Col_21,Col_22,Col_23,Col_24,Col_25,Col_26,Col_27,Col_28,Col_29,Col_30,Col_31,Col_32,Col_33,Col_34,Col_35,Col_36,Col_37,Col_38,Col_39,Col_40,Col_41,Col_42,Col_43,Col_44,Col_45,Col_46,Col_47,Col_48
335,0,0,0,0,0,0,0,0,0,0,0,0,0,0,0,0,0,0,0,0,0,0,0,0,0,0,0,0,0,0,0,0,0,0,5.97507240506329,4.56183088607595,4.29609316455696,3.89849316455696,3.90956556962025,3.90956556962025,3.55625518987342,3.26937924050633,3.64483443037975,3.1808,2.07657924050633,0,0,0
336,0,0,0,0,0,0,0,0,0,0,0,0,0,0,0,0,0,0,0,0,0,0,0,0,0,0,0,0,0,0,0,0,0,0,2.21455139240506,6.05822126582278,3.99810303797468,3.90927873417722,3.1229817721519,3.85477291139241,3.00084835443038,3.53278481012658,0.963945569620253,0,0,0,0,0
337,0,0,0,0,0,0,0,0,0,0,0,0,0,0,0,0,0,0,0,0,0,0,0,0,0,0,0,0,0,0,0,0,0,0,3.19668911392405,5.83993063291139,4.3802,3.99308911392405,4.13724759493671,3.97091088607595,3.9154653164557,3.9376435443038,3.75013670886076,2.3226653164557,0,0,0,0
338,0,0,0,0,0,0,0,0,0,0,0,0,0,0,0,0,0,0,0,0,0,0,0,0,0,0,0,0,0,0,0,0,0,0,0,0,0,0,0,0,0,0,5.16940253164557,4.95855063291139,3.80844936708861,0.553864556962025,0,0
339,0,0,0,0,0,0,0,0,0,0,0,0,0,0,0,0,0,0,0,0,0,0,0,0,0,0,0,0,0,0,0,0,0,0,5.18537848101266,4.6562582278481,3.66050430379747,3.38334607594937,3.83687772151899,3.03059924050633,3.75927341772152,3.78245392405063,3.49420936708861,3.85905037974684,2.91973594936709,0,0,0
340,0,0,0,0,0,0,0,0,0,0,0,0,0,0,0,0,0,0,0,0,0,0,0,0,0,0,0,0,0,0,0,0,0,0,0,0,2.58685367088608,6.1780270886076,4.20061518987342,4.24393088607595,4.27717316455696,3.979,3.84603088607595,0,0,0,0,0
341,0,0,0,0,0,0,0,0,0,0,0,0,0,0,0,0,0,0,0,0,0,0,0,0,0,0,0,0,0,0,0,0,0,0,0,0,0,0,0,0,0,0,0,2.35174278481013,6.55294379746835,1.29765265822785,0,0
342,0,0,0,0,0,0,0,0,0,0,0,0,0,0,0,0,0,0,0,0,0,0,0,0,0,0,0,0,0,0,0,0.0883787341772152,7.31635316455696,4.50731544303798,4.00014202531646,3.62553670886076,3.44877924050633,3.84547924050633,3.73601012658228,3.80128987341772,3.8464835443038,3.33830582278481,0.363557974683544,0,0,0,0,0
343,0,0,0,0,0,0,0,0,0,0,0,0,0,0,0,0,0,0,0,0,0,0,0,0,0,0,0,0,0,0,0,0,0,0,0,0,0,5.3053670886076,4.42647797468354,3.86591088607595,3.76681063291139,3.88793316455696,0.758767594936709,0,0,0,0,0
344,0,0,0,0,0,0,0,0,0,0,0,0,0,0,0,0,0,0,0,0,0,0,0,0,0,0,0,0,0,0,0,0,0,0,0,3.74857670886076,5.58528911392405,4.01311139240506,3.63935594936709,3.31970987341772,3.60628911392405,3.46299949367089,1.61626683544304,0,0,0,0,0
345,0,0,0,0,0,0,0,0,0,0,0,0,0,0,0,0,0,0,0,0,0,0,0,0,0,0,0,0,0,0,0,0,0,0,0,4.76543341772152,4.95300151898734,3.97303341772152,3.46649924050633,3.46649924050633,3.60993367088608,3.01513215189873,3.52266936708861,2.90479797468354,3.33510126582278,0.022066835443038,0,0
346,0,0,0,0,0,0,0,0,0,0,0,0,0,0,0,0,0,0,0,0,0,0,0,0,0,0,0,0,0,0,0,0,0,0,0,0,0,4.26669949367089,5.06952455696203,3.99207518987342,3.94797493670886,3.79462632911392,3.69439848101266,3.45385164556962,1.70387341772152,0,0,0
347,0,0,0,0,0,0,0,0,0,0,0,0,0,0,0,0,0,0,0,0,0,0,0,0,0,0,0,0,0,0,0,0,0,0,0,0,0,0.0883118987341772,7.09104405063291,4.41559493670886,3.86464911392405,3.81045772151899,3.24746936708861,2.07031189873418,0,0,0,0
348,0,0,0,0,0,0,0,0,0,0,0,0,0,0,0,0,0,0,0,0,0,0,0,0,0,0,0,0,0,0,0,0,0,0,0,0,5.10131088607595,4.79368911392405,3.96902227848101,3.7385564556962,3.61731139240506,3.73755443037975,3.62833367088608,3.03413265822785,3.69446734177215,0.572156455696203,0,0
349,0,0,0,0,0,0,0,0,0,0,0,0,0,0,0,0,0,0,0,0,0,0,0,0,0,0,0,0,0,0,0.27573417721519,7.11072151898734,3.84216455696203,3.65498734177215,3.24641772151899,3.34503797468354,3.7656835443038,3.89751265822785,3.87537341772152,3.78782278481013,3.22427848101266,3.45573417721519,2.15354430379747,0,0,0,0,0
350,0,0,0,0,0,0,0,0,0,0,0,0,0,0,0,0,0,0,0,0,0,0,0,0,0,0,0,0,0,0,0,0,0,0,0,0,6.52667949367089,4.16423088607595,3.83205873417721,3.8330653164557,3.61061063291139,3.31366886075949,3.52303797468354,3.71126886075949,2.19736911392405,0,0,0
351,0,0,0,0,0,0,0,0,0,0,0,0,0,0,0,0,0,0,0,0,0,0,0,0,0,0,0,0,0,0,0,0,0,0,0,5.30300227848101,4.73917443037975,3.71220227848101,3.25912632911392,3.7887217721519,3.00540379746835,3.67796987341772,2.95002784810127,3.59037518987342,3.03762253164557,0.728948860759494,0,0
352,0,0,0,0,0,0,0,0,0,0,0,0,0,0,0,0,0,0,0,0,0,0,0,0,0,0,0,0,0,0,0,0,0,0,1.98189974683544,6.17880455696203,3.986,0.520702784810127,0,0,0,0,0,0,0,0,0,0
353,0,0,0,0,0,0,0,0,0,0,0,0,0,0,0,0,0,0,0,0,0,0,0,0,0,0,0,0,0,0,0,0,0,0,0,0,0,0,0,0,0,0,3.89947367088608,5.79937215189873,4.29717367088608,4.06560151898734,1.06120455696203,0
354,0,0,0,0,0,0,0,0,0,0,0,0,0,0,0,0,0,0,0,0,0,0,0,0,0,0,0,0,0,0,0,0,0,0,0,0,0,0,5.72656607594937,5.46103594936709,4.27675139240506,4.49684860759494,4.36559797468354,4.1646835443038,4.0990582278481,4.06574075949367,0,0
355,0,0,0,0,0,0,0,0,0,0,0,0,0,0,0,0,0,0,0,0,0,0,0,0,0,0,0,0,0,0,0,0,0,0,0,0.433309367088608,7.50900835443038,4.74311772151899,4.25412607594937,3.88864784810127,3.77627088607595,3.9878635443038,3.66591873417722,3.46546253164557,3.999,0.53353746835443,0,0
356,0,0,0,0,0,0,0,0,0,0,0,0,0,0,0,2.42530632911392,6.39684683544304,4.16114430379747,3.98269367088608,2.403,0,0,0,0,0,0,0,0,0,0,0,0,0,0,0,0,0,6.2295493670886,4.6610088607595,4.25036962025316,4.23820253164557,3.94923417721519,3.62680632911392,3.66026582278481,3.94923417721519,3.204,2.04711265822785,0
357,0,0,0,0,0,0,0,0,0,0,0,0,0,0,0,0,0,0,0,0,0,0,0,0,0,0,0,0,0,0,0,0,0,0,2.30434632911392,6.71416101265823,4.5417235443038,4.25355341772152,3.69547746835443,3.72997670886076,4.04148455696202,3.18407696202532,3.99683848101266,3.3403382278481,3.82941569620253,3.12826936708861,3.02883037974683,0
358,0,0,0,0,0,0,0,0,0,0,0,0,0,0,0,0,0,0,0,0,0,0,0,0,0,0,0,0,0,0,0,0,0,0.67679088607595,7.37084962025316,4.68391898734177,4.2954470886076,4.07389670886076,3.76332151898734,3.54075949367089,3.65204050632911,3.996,3.50737518987342,3.5964,3.86246278481013,3.25244050632911,0.72130329113924,0
359,0,0,0,0,0,0,0,0,0,0,0,0,0,0,0,0,0,0,0,0,0,0,0,0,0,2.6247053164557,6.55419493670886,4.7054982278481,4.39570025316456,4.04150126582278,3.80940506329114,3.62070075949367,3.81949620253165,3.79830481012658,3.24329215189873,3.87600658227848,3.09999797468354,3.77509518987342,3.19990025316456,3.27760202531646,3.5874,3.1110982278481,3.87600658227848,3.16659949367089,3.84169670886076,3.17769974683544,2.92340303797468,0
360,0,0,0,0,0,0,0,0,0,0,0,0,0,0,0,0,0,0,0,0,0,0,0,0,0,0,0,0,0,0,0,0,0,0,0,0,0,0,0,0,2.24786050632911,6.46802430379747,4.24136050632911,3.94258784810127,3.91028810126582,3.47726962025316,3.68822734177215,3.48837265822785
361,0,0,0,0,0,0,0,0,0,0,0,0,0,0,0,0,0,0,0,0,0,0,0,0,0,0,0,0,0,6.82484556962025,4.11406126582279,0,0,0,0,0,0,0,0,0,0,0,0,0,0,0,6.52644759493671,4.8671129113924
362,4.01919493670886,1.67290835443038,0,0,0,0,0,0,0,0,0,0,0,0,0,0,0,0,0,0,0,0,1.11293063291139,7.04688810126582,4.40455594936709,4.00815594936709,4.20585417721519,3.44617113924051,3.88773063291139,3.3688982278481,3.91984405063291,3.34782379746835,4.00815594936709,4.10650329113924,3.50136607594937,3.71110683544304,3.25951189873418,3.67798987341772,3.12704405063291,3.60071696202532,3.34682025316456,3.07184911392405,3.65591189873418,3.12704405063291,3.07184911392405,3.0507746835443,0.0331169620253165,0
363,0,0,0,0,0,0,0,0,0,0,0,0,0,0,0,0,0,0,0,0,0,0,0,0,0,0,0,0,0,0,0,0,0,0,0.60544253164557,7.29342379746835,4.4509564556962,4.08648607594937,3.83446936708861,3.49208810126582,4.02122278481013,3.18384455696202,3.9218217721519,3.29328607594937,3.54731088607595,2.78724455696202,0,0
364,0,0,0,0,0,0,0,0,0,0,0,0,0,0,0,0,0,0,0,0,0,0,0,0,0,0,0,0,0,0,0,0,0,0,0,7.22505113924051,4.70594886075949,4.04345113924051,3.78972860759494,3.87732329113924,3.88839848101266,3.20375037974684,3.81187898734177,3.42424734177215,3.63467594936709,3.41317215189873,2.71744886075949,0
365,0,0,0,0,0,0,0,0,0,0,0,0,0,0,0,0,0,0,0,2.36285974683544,6.36496607594937,4.05769113924051,3.62615088607595,4.02535088607595,3.57056607594937,3.55944911392405,3.54833215189873,3.48264101265823,3.1936,3.7918946835443,3.08344101265823,3.63625721518987,3.3937053164557,3.37046075949367,3.52710886075949,2.98237772151899,3.67061873417722,3.02684556962025,3.33812050632911,3.4593964556962,3.00562227848101,3.16024911392405,3.51498126582279,3.14913215189873,3.0612070886076,3.04907949367089,0.742815189873418,0
366,0,0,0,0,0,0,0,0,0,0,0,0,0,0,0,0,0,0,0,0,0,0,0,0,0,0,0,0,0,0,0,0,0,3.1412435443038,6.15042582278481,4.07071291139241,3.90437620253165,4.09188303797468,3.44064962025316,3.72695037974684,3.51827341772152,3.50617620253165,3.36201772151899,3.71686936708861,3.1412435443038,3.5616217721519,3.44064962025316,3.08579797468354
367,2.37990253164557,0,0,0,0,0,0,0,0,0,0,0,0,0,0,0,0,0,0,0,0,0,0,0,0,0,0,0,0,0,0,0.973550632911392,7.30616962025316,4.48337721518987,4.02938987341772,3.85183037974684,3.74186455696203,3.65207594936709,3.1557164556962,3.76305063291139,3.05483037974684,3.50982658227848,3.32016075949367,3.07803417721519,3.39784303797468,3.43113544303797,2.30322911392405,0
368,0,0,0,0,0,0,0,0,0,0,0,0,0,0,0,0,0,0,0,0,0,0,0,0,0,0,0,0,0,0,0,0,0,0,0,0,0,2.91859746835443,6.27220253164557,4.40672810126582,4.13965367088608,3.7410653164557,3.91810329113924,3.62978430379747,3.4517346835443,3.64091240506329,2.30857518987342,0
369,0,0,0,0,0,0,0,0,0,0,0,0,0,0,0,0,0,0,0,0,0,0,0,0,0,0,0,0,0,0,0,0,0,0,0,4.20694936708861,5.96640253164557,4.54996202531646,4.33911012658228,4.20594050632911,4.11816962025316,3.92951265822785,3.80744050632911,3.95170759493671,3.2989746835443,3.64198734177215,2.07018227848101,0
370,0,0,0,0,0,0,0,0,0,0,0,0,0,0,0,0,0,0,0,0,0,0,0,0,0,0,0,0,0,0,0,0,0,0,0,0,0,0,0,0,0,0,0,0,0,0,5.24849037974684,5.77040050632911
371,4.51461721518987,3.87068278481013,3.94852101265823,3.71601721518987,3.69377772151899,3.52698151898734,3.9151617721519,3.2722382278481,3.52698151898734,3.79385544303798,3.27122734177215,3.28335797468355,3.29447772151899,3.61593949367089,3.46026303797468,3.21663949367089,3.24999873417722,3.18328025316456,3.48250253164557,3.45015417721519,3.26111848101266,3.14992101265823,3.13880126582279,3.08320253164557,3.4279146835443,3.44914329113924,3.37130506329114,0.777371392405063,0,0,0,0,0,3.9151617721519,4.14766556962025,3.76049620253165,3.09432227848101,3.50474202531646,3.68265797468354,3.17216050632911,3.16104075949367,3.5158617721519,3.56135164556962,3.16104075949367,2.47262734177215,0,0,0
372,0,0,0,0,0,0,0,0,0,0,0,0,0,0,0,0,0,0,0,0,0,0,0,0,0,0,0,0,0,0,0,0,0,0,0,0,0,0,0,0,0,6.91830379746835,4.84940151898734,4.49360303797468,4.2148435443038,4.27160911392405,0,0
373,0,0,0,0,0,0,0,0,0,0,0,0,0,0,0,0,0,0,0,0,0,0,0,0,0,0,0,0,0,1.70518784810127,7.11443392405063,5.05052658227848,4.69383949367089,4.18167341772152,4.18167341772152,4.08005316455696,3.65731291139241,3.6237782278481,3.91441215189873,3.32196607594937,3.94693063291139,3.13396860759494,3.75690075949367,3.2223782278481,3.50081772151899,2.58725164556962,0,0
374,0,0,0,0,0,0,0,0,0,0,0,0,0,0,0,0,0,0,0,0,0,0,3.72811544303798,5.66417974683544,4.69564050632911,4.3061964556962,4.03946784810127,3.8062070886076,3.93906430379747,3.74941316455696,3.26057974683544,3.92790835443038,3.21595594936709,3.63886784810127,3.41676303797468,3.19364405063291,3.7058035443038,3.27072151898734,3.43907493670886,3.71695949367089,3.43806075949367,3.61655594936709,3.19364405063291,3.73927139240506,3.38228101265823,0.812355949367089,0,0
375,0,0,0,0,0,0,0,0,0,0,0,0,0,0,0,0,0,0,7.16526379746835,4.17363392405063,3.71690430379747,3.97324253164557,3.31510430379747,1.4617382278481,0,0,0,0,0,0,6.21721924050633,4.16244455696202,3.71690430379747,3.31510430379747,3.59382126582278,3.28153620253165,3.76064455696203,3.75047240506329,3.60501063291139,3.91729569620253,3.72809367088608,0.435368101265823,0,0,0,0,0,0
376,0,0,0,0,0,0,0,0,0,0,0,0,0,0,0,0,0,0,0,0,0,0,0,0,0,0,0,0,0,0,0,0,0,0,0,0,0,0,0,0,4.06781316455696,6.2025493670886,4.52511113924051,4.23586253164557,3.84374734177215,2.00029670886076,0,0
377,0,0,0,0,0,0,0,0,0,0,0,0,0,0,0,0,0,0,0,0,0,3.68516962025316,5.71755949367089,4.14314430379747,3.91924556962025,4.03119493670886,3.50605063291139,3.70755949367089,3.42768607594937,3.65158481012658,3.19361012658228,3.4734835443038,3.64038987341772,3.1600253164557,3.1600253164557,3.57322025316456,3.51724556962025,3.24958481012658,3.33914430379747,3.95283037974684,3.43888101265823,3.72994936708861,3.51724556962025,2.38961012658228,0,0,0,0
378,0,0,0,0,0,0,0,0,0,0,0,0,0,0,0,0,0,0,0,0,0,0,0,0,0,0,0,0,0,0,0,0,0,0,1.4829164556962,6.8427453164557,4.27912810126582,3.65549063291139,4.09020860759494,3.29796556962025,3.81190784810127,3.14256405063291,3.72252658227848,3.38734683544304,0.791227341772152,0,0,0
379,0,0,0,0,0,0,0,0,0,0,0,0,0,0,0,0,0,0,0,0,0,0,0,0,0,0,0,0,0,0,0,0,0,0,4.39215240506329,5.34881873417722,3.75876632911392,4.09218075949367,4.16920050632911,3.30272835443038,4.01414759493671,3.26928556962025,3.35745291139241,2.74636202531646,0,0,0,0
380,0,0,0,0,0,0,0,0,0,0,0,0,0,0,0,0,0,0,0,0,0,0,0,0,0,0,0,0,0,0,0,0,0,0,0,0,0,7.23457544303798,4.33708784810127,3.74478936708861,3.58934911392405,3.33332987341772,3.67875265822785,3.1209964556962,2.34074734177215,0,0,0
381,0,0,0,0,0,0,0,0,0,0,0,0,0,0,0,0,0,0,0,0,0,0,0,0,0,0,0,0,0,0,0,0,0,0,0,0,0,3.68150278481013,5.4993782278481,3.83807594936709,4.03836759493671,3.48019443037975,3.80452455696203,3.82587544303797,3.34700556962025,1.87379443037975,0,0
382,0,0,0,0,0,0,0,0,0,0,0,0,0,0,0,0,0,0,0,0,0,0,0,0,0,0,0,0,0,0,0,0,0,3.3358217721519,5.73322126582278,4.06073518987342,3.87162734177215,3.83705924050633,3.80452455696203,3.91534582278481,3.93771341772152,3.54729721518987,3.40292455696203,0.166740253164557,0,0,0,0
383,0,0,0,0,0,0,0,0,0,0,0,0,0,0,0,0,0,0,0,0,0,0,0,0,0,0,0,0,0,0,0,0,0,0,0,0,6.94725443037975,4.21649493670886,3.86250759493671,3.48424683544304,3.47312151898734,3.85138227848101,3.22937594936709,1.39774430379747,0,0,0,0
384,0,0,0,0,0,0,0,0,0,0,0,0,0,0,0,0,0,0,0,0,0,0,0,0,0,0,0,0,0,0,0,0,0,0,4.66202278481013,4.8830582278481,3.89448227848101,3.53758101265823,3.84885569620253,3.37129746835443,3.53758101265823,3.00324303797468,3.47167594936709,3.34797721518987,1.00175696202532,0,0,0
385,0,0,0,0,0,0,0,0,0,0,0,0,0,0,0,0,0,0,0,0,0,0,0,0,0,0,0,0,0,0,0,0,0,0,0,2.96533443037975,5.67655518987342,4.54367392405063,4.15491037974684,3.76513443037975,3.57682708860759,3.90990835443038,3.16579063291139,2.58871974683544,0,0,0,0
386,0,0,0,0,0,0,0,0,0,0,0,0,0,0,0,0,0,0,0,0,0,0,0,0,0,0,0,0,0,0,0,0,0,0,0,0,0,1.30975316455696,7.00186962025317,4.23975696202532,4.0829911392405,4.01725063291139,3.91813417721519,1.91962278481013,0,0,0,0
387,0,0,0,0,0,0,0,0,0,0,0,0,0,0,0,0,0,0,0,0,0,0,0,0,0,0,0,0,0,0,0,0,0,0,0,0,0,0,4.01930075949367,5.39169569620253,3.62070075949367,3.54299898734177,3.84169670886076,0.598404556962025,0,0,0,0
388,0,0,0,0,0,0,0,0,0,0,0,0,0,0,0,0,0,0,0,0,0,0,0,0,0,0,0,0,0,0,0,0,0,0,0,6.91595265822785,4.52874582278481,4.01022556962025,3.96592481012658,3.52392405063291,3.93269924050633,3.4917053164557,3.62360075949367,3.11514886075949,1.38037139240506,0,0,0
389,0,0,0,0,0,0,0,0,0,0,0,0,0,0,0,0,0,0,0,0,0,0,0,0,0,0,0,0,0,0,0,0,0,0,0,0,0,3.0016253164557,6.11185215189873,4.32495493670886,4.06049012658228,4.23646481012658,4.23747037974684,4.04942886075949,3.6844070886076,1.05987037974684,0,0
390,0,0,0,0,0,0,0,0,0,0,0,0,0,0,0,0,0,0,0,0,0,0,0,0,0,0,0,0,0,0,0,0,0,0,2.66742784810127,6.11066962025316,4.06167341772152,3.97390253164557,3.7307670886076,3.31007215189873,3.64198734177215,3.75195316455696,2.52416962025316,0,0,0,0,0
391,0,0,0,0,0,0,0,0,0,0,0,0,0,0,0,0,0,0,0,0,4.74712101265823,4.91391721518987,4.00411974683544,3.57146050632911,3.70388658227848,3.69377772151899,1.5193617721519,0,0,0,0,0,0,0,0,0,0,0.0555987341772152,6.96601594936709,4.28110253164557,3.64929873417722,3.49362227848101,1.5193617721519,0,0,0,0,0
392,0,0,0,0,0,0,0,0,0,0,0,0,0,0,0,0,0,0,0,0,0,0,0,0,0,0,0,0,0,0,0,0,0,0,0,2.08493569620253,6.36496607594937,4.04758481012658,3.89194734177215,3.83737316455696,3.67061873417722,3.5928,2.31738126582278,0,0,0,0,0
393,0,0,0,0,0,0,0,0,0,0,0,0,0,0,0,0,0,0,0,0,0,0,0,0,0,0,0,0,0,0,0,0,0,0,0,0,0,0,0,1.38592481012658,7.07721341772152,4.3144617721519,3.63817898734177,3.49362227848101,3.85956303797468,0,0,0
394,0,0,0,0,0,0,0,0,0,0,0,0,0,0,0,0,0,0,0,0,0,0,0,0,0,0,0,0,0,0,0,0,0,0,0,0,0,0,3.57629974683544,6.0567017721519,4.32909873417722,3.97489974683544,3.5874,3.89719797468354,3.56620860759494,2.01419139240506,0,0
395,0,0,0,0,0,0,0,0,0,0,0,0,0,0,0,0,0,0,0,0,0,0,0,0,0,0,0,0,0,0,0,0,0,0,0,7.47058329113924,4.6738982278481,4.01123392405063,3.93368810126582,4.00015594936709,3.45834227848101,3.85714936708861,3.39187443037975,3.64666784810127,3.4804982278481,3.21563392405063,3.74636962025316,3.12701012658228
396,3.5964,3.37383797468354,3.15228759493671,3.39710582278481,3.65204050632911,3.16341569620253,3.13003139240506,2.31970329113924,0,0,0,0,0,0,0,0,0,0,0,0,0,0,0,0,0,0,0,0,0,0,0,0,0,0,0,7.01576202531646,5.00562227848101,4.31770329113924,4.12953721518987,3.87359088607595,3.56301569620253,3.77444962025316,4.21755037974683,4.08502481012658,1.62065620253165,0,0,0
397,0,0,0,0,0,0,0,0,0,0,0,0,0,0,0,0,0,0,0,0,0,0,0,0,0,0,0,0,0,0,0,0,0,0,0,5.5526653164557,4.83100101265823,4.07593569620253,3.74293772151899,3.80872759493671,3.90893063291139,3.44334075949367,3.57593265822785,3.1538653164557,3.65386835443038,0.68826329113924,0,0
398,0,0,0,0,0,0,0,0,0,0,0,0,0,0,0,0,0,0,0,0,0,0,0,0,0,0,0,0,0,0,0,0,0,5.01423949367089,4.72707594936709,3.79379443037975,4.04961265822785,3.60572253164557,3.4833746835443,3.92726481012658,3.0516182278481,3.84940708860759,0.910025316455696,0,0,0,0,0
399,0,0,0,0,0,0,0,0,0,0,0,0,0,0,0,0,0,0,0,0,0,0,0,0,0,0,0,0,0,0,6.59036962025316,4.33168405063291,3.75128506329114,3.90754632911392,1.11412253164557,0,0,0,0,0,0,3.40629265822785,5.67816911392405,3.84057721518987,0.478930632911392,0,0,0
400,0,0,0,0,0,0,0,0,0,0,0,0,0,0,0,0,0,0,0,0,0,0,0,0,0,0,0,0,0,0,0,0,0,0,0,0,0.409700253164557,7.10819848101266,4.00820050632911,3.7428035443038,1.26240151898734,0,0,0,0,0,0,0
401,0,0,0,0,0,0,0,0,0,0,0,0,0,0,0,0,0,0,0,0,0,0,0,0,0,0,0,0,0,0,0,0,0,0,0,0,0,0,0,0,0,6.98784835443038,4.55224556962025,3.77604227848101,3.44496987341772,0.697472658227848,0,0
402,0,0,0,0,0,0,0,0,0,0,0,0,0,0,0,0,0,0,0,0,0,0,0,0,0,0,0,0,0,0,0,0,0,6.24424329113924,4.4701382278481,3.72713696202532,3.74836556962025,3.79385544303798,3.20551974683544,3.70489746835443,3.29346683544304,3.10645291139241,2.47262734177215,0,0,0,0,0
403,0,0,0,0,0,0,0,0,0,0,0,0,0,0,0,0,0,0,0,0,0,0,0,0,0,0,0,0,0,0,6.72744303797468,4.64456202531646,3.76777215189873,4.03444556962025,3.591,3.29200253164557,3.72433670886076,3.10310886075949,3.591,3.24755696202532,3.71221518987342,3.86878481012658,0.33233164556962,0,0,0,0,0
404,0,0,0,0,0,0,0,0,0,0,0,0,0,0,0,0,0,0,0,0,0,0,0,0,0,0,0,0,0,0,0,0,0,0,0.653388101265823,6.92571189873418,4.34346556962025,3.8011635443038,3.94456556962025,3.3790364556962,3.5901,3.10233113924051,3.56788278481013,3.29117746835443,0,0,0,0
405,0,0,0,0,0,0,0,0,0,0,0,0,0,0,0,0,0,0,0,0,0,0,0,0,0,0,0,0,0,0,0,0,0,0,2.70749746835443,6.2928835443038,4.33887341772152,3.86149620253165,3.9838746835443,3.995,3.88374683544304,3.29612784810127,0,0,0,0,0,0
406,0,0,0,0,0,0,0,0,0,0,0,0,0,0,0,0,0,0,0,0,0,0,0,0,0,0,0,0,0,0,5.95842075949367,4.82468962025316,3.82368303797468,3.74668253164557,2.36776556962025,0,0,0,0,0,0,0,0,0,5.95842075949367,4.14586936708861,0,0
407,0,0,0,0,0,0,0,0,0,0,0,0,0,0,0,0,0,0,0,0,0,0,0,0,0,0,0,0,0,0,0,0,0,0,0,0,0.567088607594937,6.96708860759494,4.38886075949367,4.11037974683544,3.9453164556962,3.71037974683544,3.72253164556962,3.64455696202532,0.0556962025316456,0,0,0
408,0,0,0,0,0,0,0,0,0,0,0,0,0,0,0,0,0,0,0,0,0,0,0,0,0,0,0,0,0,0,0,0,0,0,0,0,0.198546075949367,7.3986129113924,4.40127265822785,4.09085544303798,3.981,3.70484962025317,3.36218126582279,3.80361873417722,3.07393670886076,3.01951291139241,0,0
409,0,0,0,0,0,0,0,0,0,0,0,0,0,0,0,0,0,0,0,0,0,0,1.34144582278481,1.92978151898734,0,0,0,0,0,0,0,0,0,0,0,0,0,0,0,0,0,0,0,0,0,0,0,0
410,0,0,0,0,0,0,0,0,0,0,0,0,0,0,0,0,0,0,0,0,0,0,0,0,0,0,0,0,0,0,0,0,0,0,0,0,0,0,0,0,0,0,0,0,0,0,0,0
411,0,0,0,0,0,0,0,0,0,0,0,0,0,0,0,0,0,0,0,0,0,0,0,0,0,0,0,0,0,0,0,0,0,0,0,4.46566025316456,5.78455493670886,4.28792253164557,3.76783772151899,4.03242455696202,3.58000126582278,3.63352455696202,3.26896025316456,1.44108936708861,0,0,0,0
412,0,0,0,0,0,0,0,0,0,0,0,0,0,0,0,0,0,0,0,0,0,0,0,0,0,0,0,0,0,0,0,0,0,0,0,0,0,0,6.29659696202532,4.5637929113924,4.14273772151899,3.89779696202532,3.39880607594937,3.78646025316456,1.94333164556962,0,0,0
413,0,0,0,0,0,0,0,0,0,0,0,0,0,0,0,0,0,0,0,0,0,0,0,0,0,0,0,0,0,0,0,0,0,0,0,0,0,0,0,0,0,0,0,0,0,0,7.03200506329114,0
414,0,0,0,0,0,0,0,0,0,0,0,0,0,0,0,0,0,0,0,0,0,0,0,0,0,0,0,0,0,0,0,0,0,0,0,0,0,1.80628708860759,7.04040303797468,4.60457620253165,4.04331189873418,4.17484253164557,3.82342481012658,3.54731088607595,3.73406430379747,1.96091088607595,0,0
415,0,0,0,0,0,0,0,0,0,0,0,0,0,0,0,0,0,0,0,0,0,0,0,0,0,0,0,0,0,0,0,0,0,0,0,0,3.75688835443038,5.63482607594937,4.32310582278481,3.92300582278481,3.58975797468354,3.76803037974684,3.51176379746835,3.25651012658228,2.73384784810127,0,0,0
416,0,0,0,0,0,0,0,0,0,0,0,0,0,0,0,0,0,0,0,0,0,0,0,0,0,0,0,0,0,0,0,0,0,0,0,0,0,0,0,0,0,0,0,5.91758379746835,5.42984860759494,4.48473518987342,3.89783392405063,3.56390734177215
417,3.997,3.36355139240506,3.9302146835443,3.20873088607595,3.38682506329114,3.06402936708861,0,0,0,0,0,0,0,0,0,0,0,0,0,6.69573392405063,3.35242050632911,0,0,0,1.2436235443038,6.49537797468354,4.45235443037975,4.10729696202532,3.38682506329114,3.83003670886076,3.5527764556962,0,0,0,5.76276329113924,3.997,3.1308146835443,3.90795291139241,3.07617215189873,4.09616607594937,3.80878683544304,4.18521316455696,4.17509417721519,4.16396329113924,1.45409848101266,0,0,0
418,0,0,0,0,0,0,0,0,0,0,0,0,0,0,0,0,0,0,0,0,0,0,0,0,0,0,0,0,0,0,0,0,0,0,0,6.90940303797468,4.83870126582278,4.26249721518987,3.80839594936709,3.95269924050633,3.77610430379747,4.04150126582278,3.24430126582278,3.71959392405063,1.56109924050633,0,0,0
419,0,0,0,0,0,0,0,0,0,0,0,0,0,0,0,0,0,0,0,1.9139035443038,6.47945544303798,4.16946759493671,3.96991367088608,3.6272453164557,3.47203670886076,2.33316835443038,0,0,0,0,4.29040936708861,4.3025035443038,3.7481870886076,3.46095037974684,3.66050430379747,3.68267696202532,3.47203670886076,3.4619582278481,3.7481870886076,3.54964101265823,3.76028126582279,3.7038417721519,3.59398632911392,0.741776202531646,0,0,0,0
420,0,0,0,0,0,0,0,0,0,0,0,0,0,0,0,0,0,0,0,0,0,0,0,0,0,0,0,0,0,0,0,0,0,0,0,0,4.788,5.15366582278481,4.15566075949367,3.91222025316456,3.35867088607595,4.14555949367089,2.44955696202532,0,0,0,0,0
421,0,0,0,0,0,0,0,0,0,0,0,0,0,0,0,0,0,0,0,0,0,0,0,0,0,0,0,0,0,0,0,0,0,0,0,0.620373164556962,6.91807012658228,4.50023139240506,4.22439772151899,4.22338734177215,3.991,3.63635670886076,3.92431493670886,4.04657088607595,0,0,0,0
422,0,0,0,0,0,0,0,0,0,0,0,0,0,0,0,0,0,0,0,0,0,0,0,0,0,0,0,0,0,0,0,0,0,0,0,0,0,0,0,0,0,0,0,0,0,0,0,0
423,0,0,0,0,0,0,0,0,0,0,0,0,0,0,0,0,0,0,0,0,0,0,0,0,0,0,0,0,0,0,0,0,0,0,0,0,0,0,0,0,0,0,0,0,0,0,0,0
424,0,0,0,0,0,0,0,0,0,0,0,0,0,0,0,0,0,0,0,0,0,0,0,0,0,0,0,0,0,0,0,0,0,6.66656860759494,5.12395797468354,4.55150481012658,4.18694253164557,4.02223670886076,3.58134734177215,3.97804734177215,3.62553670886076,3.9890946835443,2.66642658227848,0,0,0,0,0
425,0,0,0,0,0,0,0,0,0,0,0,0,0,0,0,0,0,0,0,0,0,0,0,0,0,0,0,0,0,0,0,0,0,0,0,0,0,0,0,6.48725265822785,4.89045265822785,4.1910946835443,3.98088303797468,3.55944911392405,1.1976,0,0,0
426,0,0,0,0,0,0,0,0,0,0,0,0,0,0,0,0,0,0,0,0,0,0,0,0,0,0,0,0,0,0,0,0,0,0,0,0,4.01825620253164,5.40623392405063,3.97374379746835,3.71880911392405,3.84020658227848,4.15179341772152,3.98487189873418,3.86246278481013,0.743559493670886,0,0,0
427,0,0,0,0,0,0,0,0,0,0,0,0,0,0,0,0,0,0,0,0,0,0,0,0,0,0,0,0,0,1.30122911392405,6.3614529113924,4.05641848101266,3.94789898734177,3.14204126582278,3.89162962025316,3.02045924050633,3.81526405063291,3.15309417721519,3.9579470886076,3.32893594936709,4.01321164556962,3.5721,2.00660582278481,0,0,0,0,0
428,0,0,0,0,0,0,0,0,0,0,0,0,0,0,0,0,0,0,0,0,0,0,0,0,0,0,0,0,0,0,0,0,0,0,0,0,0,0,0,7.07788253164557,4.70753544303797,4.34379417721519,3.81526405063291,3.33998886075949,1.44491696202532,0,0,0
429,0,0,0,0,0,0,0,0,0,0,0,0,0,0,0,0,0,0,0,0,0,0,0,0,0,0,0,0,0,0,0,0,0,0,0,0,0,0,0,0,0,0,0,0,0,5.48889924050633,1.07989873417722,0
430,0,0,0,0,0,0,0,0,0,0,0,0,0,0,0,0,0,0,0,0,0,0,0,0,0,0,0,0,0,0,0,0,0,0,0,0,5.60363392405063,4.42339240506329,3.84935670886076,3.27632632911392,3.56284151898734,3.36479417721519,3.38590582278481,2.95663569620253,3.50754911392405,0.242281265822785,0,0
431,0,0,0,0,0,0,0,0,0,0,0,0,0,0,0,0,0,0,0,0,0,0,0,0,0,0,0,0,0,0,0,0,0,0,0,0,4.77024455696202,5.5965782278481,4.16480202531645,3.95495544303797,3.89973265822785,3.94391088607595,3.55835544303797,3.53626632911392,0,0,0,0
432,0,0,0,0,0,0,0,0,0,0,0,0,0,0,0,0,0,0,0,0,0,0,0,0,0,0,0,0,0,0,0,0,0,0,0,5.83338734177215,4.70872151898734,3.84939240506329,3.88155443037975,3.91472151898734,3.12072151898734,4.05844556962025,2.54783544303797,0,0,0,0,0
433,0,0,0,0,0,0,0,0,0,0,0,0,0,0,0,0,0,0,0,0,0,0,0,0,0,0,0,0,0,0,0,0,0,0,0,0,0,7.60832911392405,4.9740582278481,4.47755696202532,4.22327594936709,3.83733164556962,3.52877721518987,0.760832911392405,0,0,0,0
434,0,0,0,0,0,0,0,0,0,0,0,0,0,0,0,0,0,0,0,0,0,0,0,0,0,0,0,0,0,0,0,0,0,0,0,3.11928987341772,6.1367870886076,3.92556835443038,3.89331721518987,3.87013670886076,3.9366546835443,3.71593594936709,3.36117341772152,3.82679924050633,0.74076835443038,0,0,0
435,0,0,0,0,0,0,0,0,0,0,0,0,0,0,0,0,0,0,0,0,0,0,0,0,0,0,0,0,0,0,0,0,0,0,0,0,0,1.12154962025316,7.06004962025317,4.57439898734177,4.02515037974684,3.77257620253165,3.53002481012658,3.51899974683544,0,0,0,0
436,0,0,0,0,0,0,0,0,0,0,0,0,0,0,0,0,0,0,0,0,0,0,0,0,0,0,0,0,0,0,0,0,0,0,0,0,0,0,0,0,0,0,0,0,0.528067341772152,7.08031088607595,2.35275544303797,0
437,0,0,0,0,0,0,0,0,0,0,0,0,0,0,0,0,0,0,0,0,0,0,0,0,0,0,0,0,0,0,0,0,0,0,0,0,0.352421772151899,7.20406329113924,4.62766936708861,3.93286632911392,3.62462278481013,3.98808911392405,3.93286632911392,3.51417721518987,0.440778227848101,0,0,0
438,0,0,0,0,0,0,0,0,0,0,0,0,0,0,0,0,0,0,0,0,0,0,0,0,0,0,0,0,0,0,0,0,0,0,0,0,6.16577620253164,4.64741367088608,4.20585417721519,4.10750683544304,3.77633721518987,3.47928810126582,3.70006784810127,0,0,0,0,0
439,0,0,0,0,0,0,0,0,0,0,0,0,0,0,0,0,0,0,0,0,0,0,0,0,0,0,0,0,0,0,0,0,0,0,0,0,0,0,1.75150582278481,6.44662607594937,4.16585215189873,3.9449053164557,3.91176329113924,3.11836329113924,3.80128987341772,0.783356962025316,0,0
440,0,0,0,0,0,0,0,0,0,0,0,0,0,0,0,0,0,0,0,0,0,0,0,0,0,0,0,0,0,0,0,0,0,0,0,0,0,1.56036658227848,6.3726653164557,4.09921721518987,3.96701670886076,3.49429974683544,3.48328303797468,3.23090025316456,3.6154835443038,3.01156759493671,0,0
441,0,0,0,0,0,0,0,0,0,0,0,0,0,0,0,0,0,0,0,0,0,0,0,0,0,0,0,0,0,0,0,0,0,0,0,2.74994430379747,5.81869367088608,3.90486075949367,3.69633417721519,3.15697215189873,3.79458227848101,3.24519493670886,0.670693670886076,0,0,0,0,0
442,0,0,0,0,0,0,0,0,0,0,0,0,0,0,0,0,0,0,0,0,0,0,0,0,0,0,0,0,0,0,0,0,0,0,0,0,0,0,0,7.28606784810127,4.21476556962025,3.32406784810127,3.77443189873418,0,0,0,0,0
443,0,0,0,0,0,0,0,0,0,0,0,0,0,0,0,0,0,0,0,0,0,0,0,0,0,0,0,0,0,0,0,0,0,0,0,0,0,0,3.6301670886076,5.5770835443038,3.54194430379747,3.84972151898734,3.14594430379747,0.990501265822785,0,0,0,0
444,0,0,0,0,0,0,0,0,0,0,0,0,0,0,0,0,0,0,0,0,0,0,0,0,0,0,0,0,0,0,0,0,0,0,0,0,0,3.39772405063291,5.80720151898734,4.06824835443038,3.58515012658228,3.97002506329114,3.1672,3.8718017721519,1.53949974683544,0,0,0
445,0,0,0,0,0,0,0,0,0,0,0,0,0,0,0,0,0,0,0,0,0,0,0,0,0,0,0,0,0,0,0,0,0,0,0,0,0,0,0,6.15799898734177,4.50925088607595,3.6182253164557,3.83772430379747,3.06797443037975,1.55052481012658,0,0,0
446,0,0,0,0,0,0,0,0,0,0,0,0,0,0,0,0,0,0,0,0,0,0,0,0,0,0,0,0,0,0,0,0,0,0,0,0,0,0,0,5.40573265822785,4.41347772151899,3.86467746835443,0,0,0,0,0,0
447,0,0,0,0,0,0,0,0,0,0,0,0,0,0,0,0,0,0,0,0,0,0,0,0,0,0,0,0,0,0,0,0,0,0,0,0,0,0,0,6.59966582278481,4.22366582278481,3.79558481012658,3.66325063291139,0.0320810126582278,0,0,0,0
448,0,0,0,0,0,0,0,0,0,0,0,0,0,0,0,0,0,0,0,0,0,0,0,0,0,0,0,0,0,0,0,0,0,0,0,0,0,4.85853873417721,4.79257215189873,3.64115544303797,3.77208911392405,3.87103898734177,0.658666329113924,0,0,0,0,0
449,0,0,0,0,0,0,0,0,0,0,0,0,0,0,0,0,0,0,0,0,0,0,0,0,0,0,0,0,0,0,0,0,0,0,0,0,0,0,0,0,5.77166582278481,4.58526784810127,2.87982075949367,0,0,0,0,0
450,0,0,0,0,0,0,0,0,0,0,0,0,0,0,0,0,0,0,0,0,0,0,0,0,0,0,0,0,0,0,0,0,0,0,0,0,0,0,0,0,1.06661772151899,6.83436556962025,4.24243443037975,2.42768202531646,0,0,0,0
451,0,0,0,0,0,0,0,0,0,0,0,0,0,0,0,0,0,0,0,0,0,0,0,0,0,0,0,0,0,0,0,0,0,0,0,0,0,0,6.87769493670886,4.24036075949367,3.9219582278481,3.24109746835443,3.8558746835443,3.12094556962025,3.14197215189873,0.724916455696203,0,0
452,0,0,0,0,0,0,0,0,0,0,0,0,0,0,0,0,0,0,0,0,0,0,0,0,0,0,0,0,0,0,0,0,0,0,0,0,0,0,0,1.72766734177215,6.38494481012658,3.90781898734177,2.41090860759494,0,0,0,0,0
453,0,0,0,0,0,0,0,0,0,0,0,0,0,0,0,0,0,0,0,0,0,0,0,0,0,0,0,0,0,0,0,0,0,0,0,0,0,3.1388746835443,5.79391898734177,4.20691518987342,4.09750126582278,3.5464164556962,0.671540506329114,0,0,0,0,0
454,0,0,0,0,0,0,0,0,0,0,0,0,0,0,0,0,0,0,0,2.58490329113924,6.2287311392405,4.0977964556962,3.52303797468354,3.72234126582278,4.03035544303797,3.22508962025316,3.976,3.21401721518987,3.89849316455696,3.22508962025316,3.23616202531646,3.62268962025316,3.48982075949367,3.16972759493671,3.1808,3.26937924050633,3.58947240506329,3.33581367088608,3.01471392405063,3.11436556962025,3.16972759493671,3.31366886075949,0.486179240506329,0,0,0,0,0
455,0,0,0,0,0,0,0,0,0,0,0,0,0,0,0,0,0,0,0,0,0,0,0,0,0,0,0,0,0,0,0,0,0,0,0,4.8809164556962,5.28966810126582,4.15480481012658,3.62553670886076,3.65767443037975,3.64763139240506,3.48192126582278,1.59784734177215,0,0,0,0,0
456,0,0,0,0,0,0,0,0,0,0,0,0,0,0,0,0,0,0,0,0,0,0,0,0,0,0,0,0,0,0,0,0,0,0,0,0,0,0,0,0.594801518987342,7.20883392405063,4.10443139240506,3.68716759493671,0,0,0,0,0
457,0,0,0,0,0,0,0,0,0,0,0,0,0,0,0,0,0,0,0,0,0,0,0,0,0,0,0,0,0,0,0,0,0,0,0,2.03565316455696,6.31553873417721,4.14751797468354,3.17983063291139,4.02718379746835,3.69726759493671,3.87275493670886,2.03565316455696,0,0,0,0,0
458,0,0,0,0,0,0,0,0,0,0,0,0,0,0,0,0,0,0,0,0,0,0,0,0,0,0,0,0,0,0,0,0,0,0,0,0,0,0,0,0,0,0,0,0,0,0,0,0
459,0,0,0,0,0,0,0,0,0,0,0,0,0,0,0,0,0,0,0,0,0,0,0,0,0,0,0,0,0,0,0,0,0,0,0,0,0,0,0,0,0,0,0,0,0,0,0,0
460,0,0,0,0,0,0,0,0,0,0,0,0,0,0,0,0,0,0,0,0,0,0,0,0,0,0,0,0,0,0,0,0,0,0,0,0,0,0,0,0,0.82279164556962,7.22916936708861,4.29991113924051,3.6190835443038,2.39139443037975,0,0,0
461,0,0,0,0,0,0,0,0,0,0,0,0,0,0,0,0,0,0,0,0,0,0,0,0,0,0,0,0,0,0,0,0,0,0,0,0,0,6.14021164556962,3.89894430379747,3.74578936708861,0,0,0,0,0,0,0,0
462,0,0,0,0,0,0,0,0,0,0,0,0,0,0,0,0,0,0,0,0,0,0,0,0,0,0,0,0,0,0,0,0,0,0,0,0,0,0,0,0,0,0,0,0,0,0,0,0
463,0,0,0,0,0,0,0,0,0,0,0,0,0,0,0,0,0,0,0,0,0,0,0,0,0,0,0,0,0,0,0,0,0,0,0,0,0,2.95525113924051,5.79077569620253,3.941,3.64567443037975,3.35034886075949,3.56884987341772,3.03207569620253,0,0,0,0
464,0,0,0,0,0,0,0,0,0,0,0,0,0,0,0,0,0,0,0,0,0,0,0,0,0,0,0,0,0,0,0,0,0,0,0,0,0,0,0,0,0,0,0,0,0,0,0,0
465,0,0,0,0,0,0,0,0,0,0,0,0,0,0,0,0,0,0,0,0,0,0,0,0,0,0,0,0,0,0,0,0,0,0,0,0,0,0,0,0,0,0,0,0,0,0,0,0
466,0,0,0,0,0,0,0,0,0,0,0,0,0,0,0,0,0,0,0,0,0,0,0,0,0,0,0,0,0,0,0,0,0,0,0,3.77733417721519,5.56271088607595,3.84320050632911,3.67953265822785,0,0,0,0,0,0,0,0,0
467,0,0,0,0,0,0,0,0,0,0,0,0,0,0,0,0,0,0,0,0,0,0,0,0,0,0,0,0,0,0,0,0,0,0,0,0,0,0,0,0,0,0,0,0,0,0,0,0
468,0,0,0,0,0,0,0,0,0,0,0,0,0,0,0,0,0,0,0,0,0,0,0,0,0,0,0,0,0,0,0,0,0,0,2.92751696202532,5.87802227848101,4.18987746835443,0.75661670886076,0,0,0,0,0,0,0,0,0,0
469,0,0,0,0,0,0,0,0,0,0,0,0,0,0,0,0,0,0,0,0,0,0,0,0,0,0,0,0,0,0,0,0,0,0,0,0,0,0,0,0,0,0,0,0,0,0,0,0
470,0,0,0,0,0,0,0,0,0,0,0,0,0,0,0,0,0,0,0,0,0,0,0,0,0,0,0,0,0,0,0,0,0,0,0,0,0,0,0,0,0,0,0,0,0,0,0,0
471,0,0,0,0,0,0,0,0,0,0,0,0,0,0,0,0,0,0,0,0,0,0,0,0,0,0,0,0,0,0,0,0,0,0,0,0,0,0,0,0,0,0,0,0,0,0,0,0
472,0,0,0,0,0,0,0,0,0,0,0,0,0,0,0,0,0,0,0,0,0,0,0,0,0,0,0,0,0,0,0,0,0,0,0,0,0,0,0,0,0,0,0,0,0,0,0,0
473,0,0,0,0,0,0,0,0,0,0,0,0,0,0,0,0,0,0,0,0,0,0,0,0,0,0,0,0,0,0,0,0,0,0,0,0,0,0,0,0,0,0,0,0,0,0,0,0
474,0,0,0,0,0,0,0,0,0,0,0,0,0,0,0,0,0,0,0,0,0,0,0,0,0,0,0,0,0,0,0,0,0,0,0,0,0,0,0,0,0,0,0,0,0,0,0,0
475,0,0,0,0,0,0,0,0,0,0,0,0,0,0,0,0,0,0,0,0,0,0,0,0,0,0,0,0,0,0,0,0,0,0,0,0,0,0,0,0,0,0,0,0,0,0,0,0
476,0,0,0,0,0,0,0,0,0,0,0,0,0,0,0,0,0,0,0,0,0,0,0,0,0,0,0,0,0,0,0,0,0,0,0,0,0,0,0,0,0,0,0,0,0,0,0,0
477,0,0,0,0,0,0,0,0,0,0,0,0,0,0,0,0,0,0,0,0,0,0,0,0,0,0,0,0,0,0,0,0,0,0,0,0,0,0,0,0,0,0,0,0,0,0,0,0
478,0,0,0,0,0,0,0,0,0,0,0,0,0,0,0,0,0,0,0,0,0,0,0,0,0,0,0,0,0,0,0,0,0,0,0,0,0,0,0,0,0,0,0,0,0,0,0,0
479,0,0,0,0,0,0,0,0,0,0,0,0,0,0,0,0,0,0,0,0,0,0,0,0,0,0,0,0,0,0,0,0,0,0,0,5.58002734177215,4.80714835443038,3.89121721518987,4.10976911392405,3.76008607594937,3.2594035443038,3.22662075949367,3.42232405063291,0.359617215189873,0,0,0,0
480,0,0,0,0,0,0,0,0,0,0,0,0,0,0,0,0,0,0,0,0,0,0,0,0,0,0,0,0,0,0,0,0,0,0,0,0,0,0,0,0,0,0,0,0,0,0,0,0
481,0,0,0,0,0,0,0,0,0,0,0,0,0,0,0,0,0,0,0,0,0,0,0,0,0,0,0,0,0,0,0,0,0,0,0,0,0,0,0,0,0,0,0,0,0,0,0,0
482,0,0,0,0,0,0,0,0,0,0,0,0,0,0,0,0,0,0,0,0,0,0,0,0,0,0,0,0,0,0,0,0,0,0,0,0,0,0,0,0,0,0,0,0,0,0,0,0
483,0,0,0,0,0,0,0,0,0,0,0,0,0,0,0,0,0,0,0,0,0,0,0,0,0,0,0,0,0,0,0,0,0,0,0,0,0,0,0,0,0,0,0,0,0,0,0,0
484,0,0,0,0,0,0,0,0,0,0,0,0,0,0,0,0,0,0,0,0,0,0,0,0,0,0,0,0,0,0,0,0,0,0,0,0,0,0,0,0,0,0,0,0,0,0,0,0
485,0,0,0,0,0,0,0,0,0,0,0,0,0,0,0,0,0,0,0,0,0,0,0,0,0,0,0,0,0,0,0,0,0,0,0,0,0,7.0677888607595,4.40111392405063,3.37985544303797,3.87498075949367,3.09478329113924,2.96274987341772,0,0,0,0,0
486,0,0,0,0,0,0,0,0,0,0,0,0,0,0,0,0,0,0,0,0,0,0,0,0,0,0,0,0,0,0,0,0,0,0,0,0,0,0,0,0,0,0,0,0,0,0,0,0
487,0,0,0,0,0,0,0,0,0,0,0,0,0,0,0,0,0,0,0,0,0,0,0,0,0,0,0,0,0,0,0,0,0,0,2.53439797468354,5.94179949367089,3.52785012658228,3.78965164556962,3.42930126582278,1.7260982278481,0,0,0,0,0,0,0,0
488,0,0,0,0,0,0,0,0,0,0,0,0,0,0,0,0,0,0,0,0,0,0,0,0,0,0,0,0,0,0,0,0,0,0,0,0,0,0,0,0,0,0,0,0,0,0,0,0
489,0,0,0,0,0,0,0,0,0,0,0,0,0,0,0,0,0,0,0,0,0,0,0,0,0,0,0,0,0,0,0,0,0,0,0,0,0,0,0,0,0,0,0,0,0,0,0,0
490,0,0,0,0,0,0,0,0,0,0,0,0,0,0,0,0,0,0,0,0,0,0,0,0,0,0,0,0,0,0,0,0,0,0,0,0,0,0,0,0,0,0,0,0,0,0,0,0
491,0,0,0,0,0,0,0,0,0,0,0,0,0,0,0,0,0,0,0,0,0,0,0,0,0,0,0,0,0,0,0,0,0,0,0,0,0,0,0,0,0,0,0,0,0,0,0,0
492,0,0,0,0,0,0,0,0,0,0,0,0,0,0,0,0,0,0,0,0,0,0,0,0,0,0,0,0,0,0,0,0,0,0,0,0,0,0,0,0,0,0,0,0,0,0,0,0
493,0,0,0,0,0,0,0,0,0,0,0,0,0,0,0,0,0,0,0,0,0,0,0,0,0,0,0,0,0,0,0,0,0,0,0,0,0,0,0,0,0,0,0,0,0,0,0,0
494,0,0,0,0,0,0,0,0,0,0,0,0,0,0,0,0,0,0,0,0,0,0,0,0,0,0,0,0,0,0,0,0,0,0,0,0,4.28766632911392,5.22255594936709,3.60628911392405,0.813644556962025,0,0,0,0,0,0,0,0
495,0,0,0,0,0,0,0,0,0,0,0,0,0,0,0,0,0,0,0,0,0,0,0,0,0,0,0,0,0,0,0,0,0,0,0,0,0,0,0,0,0,0,0,0,0,0,0,0
496,0,0,0,0,0,0,0,0,0,0,0,0,0,0,0,0,0,0,0,0,0,0,0,0,0,0,0,0,0,0,0,0,0,0,0,0,0,0,0,0,0,0,0,0,0,0,0,0
497,0,0,0,0,0,0,0,0,0,0,0,0,0,0,0,0,0,0,0,0,0,0,0,0,0,0,0,0,0,0,0,0,0,0,0,0,0,0,0,0,0,0,0,0,0,0,0,0
498,0,0,0,0,0,0,0,0,0,0,0,0,0,0,0,0,0,0,0,0,0,0,0,0,0,0,0,0,0,0,0,0,0,0,0,0,0,0,0,0,0,0,0,0,0,0,0,0
499,0,0,0,0,0,0,0,0,0,0,0,0,0,0,0,0,0,0,0,0,0,0,0,0,0,0,0,0,0,0,0,0,0,0,0,0,0,0,0,0,0,0,0,0,0,0,0,0
500,0,0,0,0,0,0,0,0,0,0,0,0,0,0,0,0,0,0,0,0,0,0,0,0,0,0,0,0,0,0,0,0,0,0,0,0,0,0,0,0,0,0,0,0,0,0,0,0
501,0,0,0,0,0,0,0,0,0,0,0,0,0,0,0,0,0,0,0,0,0,0,0,0,0,0,0,0,0,0,0,0,0,0,0,0,0,0,0,0,0,0,0,0,0,0,0,0
502,0,0,0,0,0,0,0,0,0,0,0,0,0,0,0,0,0,0,0,0,0,0,0,0,0,0,0,0,0,0,0,0,0,0,0,0,0,0,0,0,0,0,0,0,0,0,0,0
503,0,0,0,0,0,0,0,0,0,0,0,0,0,0,0,0,0,0,0,0,0,0,0,0,0,0,0,0,0,0,0,0,0,0,0,0,0,0,0,0,0,0,0,0,0,0,0,0
504,0,0,0,0,0,0,0,0,0,0,0,0,0,0,0,0,0,0,0,0,0,0,0,0,0,0,0,0,0,0,0,0,0,0,0,0,0,0,0,0,0,0,0,0,0,0,0,0
505,0,0,0,0,0,0,0,0,0,0,0,0,0,0,0,0,0,0,0,0,0,0,0,0,0,0,0,0,0,0,0,0,0,0,0,0,0,0,0,0,0,0,0,0,0,0,0,0
506,0,0,0,0,0,0,0,0,0,0,0,0,0,0,0,0,0,0,0,0,0,0,0,0,0,0,0,0,0,0,0,0,0,0,0,0,0,0,0,0,0,0,0,0,0,0,0,0
507,0,0,0,0,0,0,0,0,0,0,0,0,0,0,0,0,0,0,0,0,0,0,0,0,0,0,0,0,0,0,0,0,0,0,0,0,0,0,0,0,0,0,0,0,0,0,0,0
508,0,0,0,0,0,0,0,0,0,0,0,0,0,0,0,0,0,0,0,0,0,0,0,0,0,0,0,0,0,0,0,0,0,0,0,0,0,0,0,0,0,0,0,0,0,0,0,0
509,0,0,0,0,0,0,0,0,0,0,0,0,0,0,0,0,0,0,0,0,0,0,0,0,0,0,0,0,0,0,0,0,0,0,0,0,0,0,0,0,0,0,0,0,0,0,0,0
510,0,0,0,0,0,0,0,0,0,0,0,0,0,0,0,0,0,0,0,0,0,0,0,0,0,0,0,0,0,0,0,0,0,0,0,0,0,0,0,0,0,0,0,0,0,0,0,0
511,0,0,0,0,0,0,0,0,0,0,0,0,0,0,0,0,0,0,0,0,0,0,0,0,0,0,0,0,0,0,0,0,0,0,0,0,0,0,0,0,0,0,0,0,0,0,0,0
512,0,0,0,0,0,0,0,0,0,0,0,0,0,0,0,0,0,0,0,0,0,0,0,0,0,0,0,0,0,0,0,0,0,0,0,0,0,0,0,0,0,0,0,0,0,0,0,0
513,0,0,0,0,0,0,0,0,0,0,0,0,0,0,0,0,0,0,0,0,0,0,0,0,0,0,0,0,0,0,0,0,0,0,0,0,0,0,0,0,0,0,0,0,0,0,0,0
514,0,0,0,0,0,0,0,0,0,0,0,0,0,0,0,0,0,0,0,0,0,0,0,0,0,0,0,0,0,0,0,0,0,0,0,0,0,0,0,0,0,0,0,0,0,0,0,0
515,0,0,0,0,0,0,0,0,0,0,0,0,0,0,0,0,0,0,0,0,0,0,0,0,0,0,0,0,0,0,0,0,0,0,0,0,0,0,0,0,0,0,0,0,0,0,0,0
516,0,0,0,0,0,0,0,0,0,0,0,0,0,0,0,0,0,0,0,0,0,0,0,0,0,0,0,0,0,0,0,0,0,0,0,0,0,0,0,0,0,0,0,0,0,0,0,0
517,0,0,0,0,0,0,0,0,0,0,0,0,0,0,0,0,0,0,0,0,0,0,0,0,0,0,0,0,0,0,0,0,0,0,0,0,0,0,0,0,0,0,0,0,0,0,0,0
518,0,0,0,0,0,0,0,0,0,0,0,0,0,0,0,0,0,0,0,0,0,0,0,0,0,0,0,0,0,0,0,0,0,0,0,0,0,0,0,0,0,0,0,0,0,0,0,0
519,0,0,0,0,0,0,0,0,0,0,0,0,0,0,0,0,0,0,0,0,0,0,0,0,0,0,0,0,0,0,0,0,0,0,0,0,0,0,0,0,0,0,0,0,0,0,0,0
520,0,0,0,0,0,0,0,0,0,0,0,0,0,0,0,0,0,0,0,0,0,0,0,0,0,0,0,0,0,0,0,0,0,0,0,0,0,0,0,0,0,0,0,0,0,0,0,0
521,0,0,0,0,0,0,0,0,0,0,0,0,0,0,0,0,0,0,0,0,0,0,0,0,0,0,0,0,0,0,0,0,0,0,0,0,0,0,0,0,0,0,0,0,0,0,0,0
522,0,0,0,0,0,0,0,0,0,0,0,0,0,0,0,0,0,0,0,0,0,0,0,0,0,0,0,0,0,0,0,0,0,0,0,0,0,0,0,0,0,0,0,0,0,0,0,0
523,0,0,0,0,0,0,0,0,0,0,0,0,0,0,0,0,0,0,0,0,0,0,0,0,0,0,0,0,0,0,0,0,0,0,0,0,0,0,0,2.3581053164557,5.77374253164557,0,0,0,0,0,0,0
524,0,0,0,0,0,0,0,0,0,0,0,0,0,0,0,0,0,0,0,0,0,0,0,0,0,0,0,0,0,0,0,0,0,0,0,0,0,0,0,0,0,0,0,0,0,0,0,0
525,0,0,0,0,0,0,0,0,0,0,0,0,0,0,0,0,0,0,0,0,0,0,0,0,0,0,0,0,0,0,0,0,0,0,0,0,0,0,0,0,0,0,0,0,0,0,0,0
526,0,0,0,0,0,0,0,0,0,0,0,0,0,0,0,0,0,0,0,0,0,0,0,0,0,0,0,0,0,0,0,0,0,0,0,0,0,0,0,0,0,0,0,0,0,0,0,0
527,0,0,0,0,0,0,0,0,0,0,0,0,0,0,0,0,0,0,0,0,0,0,0,0,0,0,0,0,0,0,0,0,0,0,0,0,0,0,0,0,0,0,0,0,0,0,0,0
528,0,0,0,0,0,0,0,0,0,0,0,0,0,0,0,0,0,0,0,0,0,0,0,0,0,0,0,0,0,0,0,0,0,0,0,0,0,0,0,0,0,0,0,0,0,0,0,0
529,0,0,0,0,0,0,0,0,0,0,0,0,0,0,0,0,0,0,0,0,0,0,0,0,0,0,0,0,0,0,0,0,0,0,0,0,0,0,0,0,0,0,0,0,0,0,0,0
530,0,0,0,0,0,0,0,0,0,0,0,0,0,0,0,0,0,0,0,0,0,0,0,0,0,0,0,0,0,0,0,0,0,0,0,0,0,0,0,0,0,0,0,0,0,0,0,0
531,0,0,0,0,0,0,0,0,0,0,0,0,0,0,0,0,0,0,0,0,0,0,0,0,0,0,0,0,0,0,0,0,0,0,0,0,0,0,0,0,0,0,0,0,0,0,0,0
532,0,0,0,0,0,0,0,0,0,0,0,0,0,0,0,0,0,0,0,0,0,0,0,0,0,0,0,0,0,0,0,0,0,0,0,0,0,0,0,0,0,0,0,0,0,0,0,0
533,0,0,0,0,0,0,0,0,0,0,0,0,0,0,0,0,0,0,0,0,0,0,0,0,0,0,0,0,0,0,0,0,0,0,0,0,0,0,0,0,0,0,0,0,0,0,0,0
534,0,0,0,0,0,0,0,0,0,0,0,0,0,0,0,0,0,0,0,0,0,0,0,0,0,0,0,0,0,0,0,0,0,0,0,0,0,0,0,0,0,0,0,0,0,0,0,0
535,0,0,0,0,0,0,0,0,0,0,0,0,0,0,0,0,0,0,0,0,0,0,0,0,0,0,0,0,0,0,0,0,0,0,0,0,0,0,0,0,0,0,0,0,0,0,0,0
536,0,0,0,0,0,0,0,0,0,0,0,0,0,0,0,0,0,0,0,0,0,0,0,0,0,0,0,0,0,0,0,0,0,0,0,0,0,0,0,0,0,0,0,0,0,0,0,0
537,0,0,0,0,0,0,0,0,0,0,0,0,0,0,0,0,0,0,0,0,0,0,0,0,0,0,0,0,0,0,0,0,0,0,0,0,0,0,0,0,0,0,0,0,0,0,0,0
538,0,0,0,0,0,0,0,0,0,0,0,0,0,0,0,0,0,0,0,0,0,0,0,0,0,0,0,0,0,0,0,0,0,0,0,0,0,0,0,0,0,0,0,0,0,0,0,0
539,0,0,0,0,0,0,0,0,0,0,0,0,0,0,0,0,0,0,0,0,0,0,0,0,0,0,0,0,0,0,0,0,0,0,0,0,0,0,0,0,0,0,0,0,0,0,0,0
540,0,0,0,0,0,0,0,0,0,0,0,0,0,0,0,0,0,0,0,0,0,0,0,0,0,0,0,0,0,0,0,0,0,0,0,0,0,0,0,0,0,0,0,0,0,0,0,0
541,0,0,0,0,0,0,0,0,0,0,0,0,0,0,0,0,0,0,0,0,0,0,0,0,0,0,0,0,0,0,0,0,0,0,0,0,0,0,0,0,0,0,0,0,0,0,0,0
542,0,0,0,0,0,0,0,0,0,0,0,0,0,0,0,0,0,0,0,0,0,0,0,0,0,0,0,0,0,0,0,0,0,0,0,0,0,0,0,0,0,0,0,0,0,0,0,0
543,0,0,0,0,0,0,0,0,0,0,0,0,0,0,0,0,0,0,0,0,0,0,0,0,0,0,0,0,0,0,0,0,0,0,0,0,0,0,0,0,0,0,0,0,0,0,0,0
544,0,0,0,0,0,0,0,0,0,0,0,0,0,0,0,0,0,0,0,0,0,0,0,0,0,0,0,0,0,0,0,0,0,0,0,0,0,0,0,0,0,0,0,0,0,0,0,0
545,0,0,0,0,0,0,0,0,0,0,0,0,0,0,0,0,0,0,0,0,0,0,0,0,0,0,0,0,0,0,0,0,0,0,0,0,0,0,0,0,0,0,0,0,0,0,0,0
546,0,0,0,0,0,0,0,0,0,0,0,0,0,0,0,0,0,0,0,0,0,0,0,0,0,0,0,0,0,0,0,0,0,0,0,0,0,0,0,0,0,0,0,0,0,0,0,0
547,0,0,0,0,0,0,0,0,0,0,0,0,0,0,0,0,0,0,0,0,0,0,0,0,0,0,0,0,0,0,0,0,0,0,0,0,0,0,0,0,0,0,0,0,0,0,0,0
548,0,0,0,0,0,0,0,0,0,0,0,0,0,0,0,0,0,0,0,0,0,0,0,0,0,0,0,0,0,0,0,0,0,0,0,0,0,0,0,0,0,0,0,0,0,0,0,0
549,0,0,0,0,0,0,0,0,0,0,0,0,0,0,0,0,0,0,0,0,0,0,0,0,0,0,0,0,0,0,0,0,0,0,0,0,0,0,0,0,0,0,0,0,0,0,0,0
550,0,0,0,0,0,0,0,0,0,0,0,0,0,0,0,0,0,0,0,0,0,0,0,0,0,0,0,0,0,0,0,0,0,0,0,0,0,0,0,0,0,0,0,0,0,0,0,0
551,0,0,0,0,0,0,0,0,0,0,0,0,0,0,0,0,0,0,0,0,0,0,0,0,0,0,0,0,0,0,0,0,0,0,0,0,0,0,0,0,0,0,0,0,0,0,0,0
552,0,0,0,0,0,0,0,0,0,0,0,0,0,0,0,0,0,0,0,0,0,0,0,0,0,0,0,0,0,0,0,0,0,0,0,0,0,0,0,0,0,0,0,0,0,0,0,0
553,0,0,0,0,0,0,0,0,0,0,0,0,0,0,0,0,0,0,0,0,0,0,0,0,0,0,0,0,0,0,0,0,0,0,0,0,0,0,0,0,0,0,0,0,0,0,0,0
554,0,0,0,0,0,0,0,0,0,0,0,0,0,0,0,0,0,0,0,0,0,0,0,0,0,0,0,0,0,0,0,0,0,0,0,0,0,0,0,0,0,0,0,0,0,0,0,0
555,0,0,0,0,0,0,0,0,0,0,0,0,0,0,0,0,0,0,0,0,0,0,0,0,0,0,0,0,0,0,0,0,0,0,0,0,0,0,0,0,0,0,0,0,0,0,0,0
556,0,0,0,0,0,0,0,0,0,0,0,0,0,0,0,0,0,0,0,0,0,0,0,0,0,0,0,0,0,0,0,0,0,0,0,0,0,0,0,0,0,0,0,0,0,0,0,0
557,0,0,0,0,0,0,0,0,0,0,0,0,0,0,0,0,0,0,0,0,0,0,0,0,0,0,0,0,0,0,0,0,0,0,0,0,0,0,0,0,0,0,0,0,0,0,0,0
558,0,0,0,0,0,0,0,0,0,0,0,0,0,0,0,0,0,0,0,0,0,0,0,0,0,0,0,0,0,0,0,0,0,0,0,0,0,0,0,0,0,0,0,0,0,0,0,0
559,0,0,0,0,0,0,0,0,0,0,0,0,0,0,0,0,0,0,0,0,0,0,0,0,0,0,0,0,0,0,0,0,0,0,0,0,0,0,0,0,0,0,0,0,0,0,0,0
560,0,0,0,0,0,0,0,0,0,0,0,0,0,0,0,0,0,0,0,0,0,0,0,0,0,0,0,0,0,0,0,0,0,0,0,0,0,0,0,0,0,0,0,0,0,0,0,0
561,0,0,0,0,0,0,0,0,0,0,0,0,0,0,0,0,0,0,0,0,0,0,0,0,0,0,0,0,0,0,0,0,0,0,0,0,0,0,0,0,0,0,0,0,0,0,0,0
562,0,0,0,0,0,0,0,0,0,0,0,0,0,0,0,0,0,0,0,0,0,0,0,0,0,0,0,0,0,0,0,0,0,0,0,0,0,0,0,0,0,0,0,0,0,0,0,0
563,0,0,0,0,0,0,0,0,0,0,0,0,0,0,0,0,0,0,0,0,0,0,0,0,0,0,0,0,0,0,0,0,0,0,0,0,0,0,0,0,0,0,0,0,0,0,0,0
564,0,0,0,0,0,0,0,0,0,0,0,0,0,0,0,0,0,0,0,0,0,0,0,0,0,0,0,0,0,0,0,0,0,0,0,0,0,0,0,0,0,0,0,0,0,0,0,0
565,0,0,0,0,0,0,0,0,0,0,0,0,0,0,0,0,0,0,0,0,0,0,0,0,0,0,0,0,0,0,0,0,0,0,0,0,0,0,0,0,0,0,0,0,0,0,0,0
566,0,0,0,0,0,0,0,0,0,0,0,0,0,0,0,0,0,0,0,0,0,0,0,0,0,0,0,0,0,0,0,0,0,0,0,0,0,0,0,0,0,0,0,0,0,0,0,0
567,0,0,0,0,0,0,0,0,0,0,0,0,0,0,0,0,0,0,0,0,0,0,0,0,0,0,0,0,0,0,0,0,0,0,0,0,0,0,0,0,0,0,0,0,0,0,0,0
568,0,0,0,0,0,0,0,0,0,0,0,0,0,0,0,0,0,0,0,0,0,0,0,0,0,0,0,0,0,0,0,0,0,0,0,0,0,0,0,0,0,0,0,0,0,0,0,0
569,0,0,0,0,0,0,0,0,0,0,0,0,0,0,0,0,0,0,0,0,0,0,0,0,0,0,0,0,0,0,0,0,0,0,0,0,0,0,0,0,0,0,0,0,0,0,0,0
570,0,0,0,0,0,0,0,0,0,0,0,0,0,0,0,0,0,0,0,0,0,0,0,0,0,0,0,0,0,0,0,0,0,0,0,0,0,0,0,0,0,0,0,0,0,0,0,0
571,0,0,0,0,0,0,0,0,0,0,0,0,0,0,0,0,0,0,0,0,0,0,0,0,0,0,0,0,0,0,0,0,0,0,0,0,0,0,0,0,0,0,0,0,0,0,0,0
572,0,0,0,0,0,0,0,0,0,0,0,0,0,0,0,0,0,0,0,0,0,0,0,0,0,0,0,0,0,0,0,0,0,0,0,0,0,0,0,0,0,0,0,0,0,0,0,0
573,0,0,0,0,0,0,0,0,0,0,0,0,0,0,0,0,0,0,0,0,0,0,0,0,0,0,0,0,0,0,0,0,0,0,0,0,0,0,0,0,0,0,0,0,0,0,0,0
574,0,0,0,0,0,0,0,0,0,0,0,0,0,0,0,0,0,0,0,0,0,0,0,0,0,0,0,0,0,0,0,0,0,0,0,0,0,0,0,0,0,0,0,0,0,0,0,0
575,0,0,0,0,0,0,0,0,0,0,0,0,0,0,0,0,0,0,0,0,0,0,0,0,0,0,0,0,0,0,0,0,0,0,0,0,0,0,0,0,0,0,0,0,0,0,0,0
576,0,0,0,0,0,0,0,0,0,0,0,0,0,0,0,0,0,0,0,0,0,0,0,0,0,0,0,0,0,0,0,0,0,0,0,0,0,0,0,0,0,0,0,0,0,0,0,0
577,0,0,0,0,0,0,0,0,0,0,0,0,0,0,0,0,0,0,0,0,0,0,0,0,0,0,0,0,0,0,0,0,0,0,0,0,0,0,0,0,0,0,0,0,0,0,0,0
578,0,0,0,0,0,0,0,0,0,0,0,0,0,0,0,0,0,0,0,0,0,0,0,0,0,0,0,0,0,0,0,0,0,0,0,0,0,0,0,0,0,0,0,0,0,0,0,0
579,0,0,0,0,0,0,0,0,0,0,0,0,0,0,0,0,0,0,0,0,0,0,0,0,0,0,0,0,0,0,0,0,0,0,0,0,0,0,0,0,0,0,0,0,0,0,0,0
580,0,0,0,0,0,0,0,0,0,0,0,0,0,0,0,0,0,0,0,0,0,0,0,0,0,0,0,0,0,0,0,0,0,0,0,0,0,0,0,0,0,0,0,0,0,0,0,0
581,0,0,0,0,0,0,0,0,0,0,0,0,0,0,0,0,0,0,0,0,0,0,0,0,0,0,0,0,0,0,0,0,0,0,0,0,0,0,0,0,0,0,0,0,0,0,0,0
582,0,0,0,0,0,0,0,0,0,0,0,0,0,0,0,0,0,0,0,0,0,0,0,0,0,0,0,0,0,0,0,0,0,0,0,0,0,0,0,0,0,0,0,0,0,0,0,0
583,0,0,0,0,0,0,0,0,0,0,0,0,0,0,0,0,0,0,0,0,0,0,0,0,0,0,0,0,0,0,0,0,0,0,0,0,0,0,0,0,0,0,0,0,0,0,0,0
584,0,0,0,0,0,0,0,0,0,0,0,0,0,0,0,0,0,0,0,0,0,0,0,0,0,0,0,0,0,0,0,0,0,0,0,0,0,0,0,0,0,0,0,0,0,0,0,0
585,0,0,0,0,0,0,0,0,0,0,0,0,0,0,0,0,0,0,0,0,0,0,0,0,0,0,0,0,0,0,0,0,0,0,0,0,0,0,0,0,0,0,0,0,0,0,0,0
586,0,0,0,0,0,0,0,0,0,0,0,0,0,0,0,0,0,0,0,0,0,0,0,0,0,0,0,0,0,0,0,0,0,0,0,0,0,0,0,0,0,0,0,0,0,0,0,0
587,0,0,0,0,0,0,0,0,0,0,0,0,0,0,0,0,0,0,0,0,0,0,0,0,0,0,0,0,0,0,0,0,0,0,0,0,0,0,0,0,0,0,0,0,0,0,0,0
588,0,0,0,0,0,0,0,0,0,0,0,0,0,0,0,0,0,0,0,0,0,0,0,0,0,0,0,0,0,0,0,0,0,0,0,0,0,0,0,0,0,0,0,0,0,0,0,0
589,0,0,0,0,0,0,0,0,0,0,0,0,0,0,0,0,0,0,0,0,0,0,0,0,0,0,0,0,0,0,0,0,0,0,0,0,0,0,0,0,0,0,0,0,0,0,0,0
590,0,0,0,0,0,0,0,0,0,0,0,0,0,0,0,0,0,0,0,0,0,0,0,0,0,0,0,0,0,0,0,0,0,0,0,0,0,0,0,0,0,0,0,0,0,0,0,0
591,0,0,0,0,0,0,0,0,0,0,0,0,0,0,0,0,0,0,0,0,0,0,0,0,0,0,0,0,0,0,0,0,0,0,0,0,0,0,0,0,0,0,0,0,0,0,0,0
592,0,0,0,0,0,0,0,0,0,0,0,0,0,0,0,0,0,0,0,0,0,0,0,0,0,0,0,0,0,0,0,0,0,0,0,0,0,0,0,0,0,0,0,0,0,0,0,0
593,0,0,0,0,0,0,0,0,0,0,0,0,0,0,0,0,0,0,0,0,0,0,0,0,0,0,0,0,0,0,0,0,0,0,0,0,0,0,0,0,0,0,0,0,0,0,0,0
594,0,0,0,0,0,0,0,0,0,0,0,0,0,0,0,0,0,0,0,0,0,0,0,0,0,0,0,0,0,0,0,0,0,0,0,0,0,0,0,0,0,0,0,0,0,0,0,0
595,0,0,0,0,0,0,0,0,0,0,0,0,0,0,0,0,0,0,0,0,0,0,0,0,0,0,0,0,0,0,0,0,0,0,0,0,0,0,0,0,0,0,0,0,0,0,0,0
596,0,0,0,0,0,0,0,0,0,0,0,0,0,0,0,0,0,0,0,0,0,0,0,0,0,0,0,0,0,0,0,0,0,0,0,0,0,0,0,0,0,0,0,0,0,0,0,0
597,0,0,0,0,0,0,0,0,0,0,0,0,0,0,0,0,0,0,0,0,0,0,0,0,0,0,0,0,0,0,0,0,0,0,0,0,0,0,0,0,0,0,0,0,0,0,0,0
598,0,0,0,0,0,0,0,0,0,0,0,0,0,0,0,0,0,0,0,0,0,0,0,0,0,0,0,0,0,0,0,0,0,0,0,0,0,0,0,0,0,0,0,0,0,0,0,0
599,0,0,0,0,0,0,0,0,0,0,0,0,0,0,0,0,0,0,0,0,0,0,0,0,0,0,0,0,0,0,0,0,0,0,0,0,0,0,0,0,0,0,0,0,0,0,0,0
600,0,0,0,0,0,0,0,0,0,0,0,0,0,0,0,0,0,0,0,0,0,0,0,0,0,0,0,0,0,0,0,0,0,0,0,0,0,0,0,0,0,0,0,0,0,0,0,0
601,0,0,0,0,0,0,0,0,0,0,0,0,0,0,0,0,0,0,0,0,0,0,0,0,0,0,0,0,0,0,0,0,0,0,0,0,0,0,0,0,0,0,0,0,0,0,0,0
602,0,0,0,0,0,0,0,0,0,0,0,0,0,0,0,0,0,0,0,0,0,0,0,0,0,0,0,0,0,0,0,0,0,0,0,0,0,0,0,0,0,0,0,0,0,0,0,0
603,0,0,0,0,0,0,0,0,0,0,0,0,0,0,0,0,0,0,0,0,0,0,0,0,0,0,0,0,0,0,0,0,0,0,0,0,0,0,0,0,0,0,0,0,0,0,0,0
604,0,0,0,0,0,0,0,0,0,0,0,0,0,0,0,0,0,0,0,0,0,0,0,0,0,0,0,0,0,0,0,0,0,0,0,0,0,0,0,0,0,0,0,0,0,0,0,0
605,0,0,0,0,0,0,0,0,0,0,0,0,0,0,0,0,0,0,0,0,0,0,0,0,0,0,0,0,0,0,0,0,0,0,0,0,0,0,0,0,0,0,0,0,0,0,0,0
606,0,0,0,0,0,0,0,0,0,0,0,0,0,0,0,0,0,0,0,0,0,0,0,0,0,0,0,0,0,0,0,0,0,0,0,0,0,0,0,0,0,0,0,0,0,0,0,0
607,0,0,0,0,0,0,0,0,0,0,0,0,0,0,0,0,0,0,0,0,0,0,0,0,0,0,0,0,0,0,0,0,0,0,0,0,0,0,0,0,0,0,0,0,0,0,0,0
608,0,0,0,0,0,0,0,0,0,0,0,0,0,0,0,0,0,0,0,0,0,0,0,0,0,0,0,0,0,0,0,0,0,0,0,0,0,0,0,0,0,0,0,0,0,0,0,0
609,0,0,0,0,0,0,0,0,0,0,0,0,0,0,0,0,0,0,0,0,0,0,0,0,0,0,0,0,0,0,0,0,0,0,0,0,0,0,0,0,0,0,0,0,0,0,0,0
610,0,0,0,0,0,0,0,0,0,0,0,0,0,0,0,0,0,0,0,0,0,0,0,0,0,0,0,0,0,0,0,0,0,0,0,0,0,0,0,0,0,0,0,0,0,0,0,0
611,0,0,0,0,0,0,0,0,0,0,0,0,0,0,0,0,0,0,0,0,0,0,0,0,0,0,0,0,0,0,0,0,0,0,0,0,0,0,0,0,0,0,0,0,0,0,0,0
612,0,0,0,0,0,0,0,0,0,0,0,0,0,0,0,0,0,0,0,0,0,0,0,0,0,0,0,0,0,0,0,0,0,0,0,0,0,0,0,0,0,0,0,0,0,0,0,0
613,0,0,0,0,0,0,0,0,0,0,0,0,0,0,0,0,0,0,0,0,0,0,0,0,0,0,0,0,0,0,0,0,0,0,0,0,0,0,0,0,0,0,0,0,0,0,0,0
614,0,0,0,0,0,0,0,0,0,0,0,0,0,0,0,0,0,0,0,0,0,0,0,0,0,0,0,0,0,0,0,0,0,0,0,0,0,0,0,0,0,0,0,0,0,0,0,0
615,0,0,0,0,0,0,0,0,0,0,0,0,0,0,0,0,0,0,0,0,0,0,0,0,0,0,0,0,0,0,0,0,0,0,0,0,0,0,0,0,0,0,0,0,0,0,0,0
617,0,0,0,0,0,0,0,0,0,0,0,0,0,0,0,0,0,0,0,0,0,0,0,0,0,0,0,0,0,0,0,0,0,0,0,0,0,0,0,0,0,0,0,0,0,0,0,0
618,0,0,0,0,0,0,0,0,0,0,0,0,0,0,0,0,0,0,0,0,0,0,0,0,0,0,0,0,0,0,0,0,0,0,0,0,0,0,0,0,0,0,0,0,0,0,0,0
619,0,0,0,0,0,0,0,0,0,0,0,0,0,0,0,0,0,0,0,0,0,0,0,0,0,0,0,0,0,0,0,0,0,0,0,0,0,0,0,0,0,0,0,0,0,0,0,0
620,0,0,0,0,0,0,0,0,0,0,0,0,0,0,0,0,0,0,0,0,0,0,0,0,0,0,0,0,0,0,0,0,0,0,0,0,0,0,0,0,0,0,0,0,0,0,0,0
621,0,0,0,0,0,0,0,0,0,0,0,0,0,0,0,0,0,0,0,0,0,0,0,0,0,0,0,0,0,0,0,0,0,0,0,0,0,0,0,0,0,0,0,0,0,0,0,0
622,0,0,0,0,0,0,0,0,0,0,0,0,0,0,0,0,0,0,0,0,0,0,0,0,0,0,0,0,0,0,0,0,0,0,0,0,0,0,0,0,0,0,0,0,0,0,0,0
623,0,0,0,0,0,0,0,0,0,0,0,0,0,0,0,0,0,0,0,0,0,0,0,0,0,0,0,0,0,0,0,0,0,0,0,0,0,0,0,0,0,0,0,0,0,0,0,0
624,0,0,0,0,0,0,0,0,0,0,0,0,0,0,0,0,0,0,0,0,0,0,0,0,0,0,0,0,0,0,0,0,0,0,0,0,0,0,0,0,0,0,0,0,0,0,0,0
625,0,0,0,0,0,0,0,0,0,0,0,0,0,0,0,0,0,0,0,0,0,0,0,0,0,0,0,0,0,0,0,0,0,0,0,0,0,0,0,0,0,0,0,0,0,0,0,0
626,0,0,0,0,0,0,0,0,0,0,0,0,0,0,0,0,0,0,0,0,0,0,0,0,0,0,0,0,0,0,0,0,0,0,0,0,0,0,0,0,0,0,0,0,0,0,0,0
627,0,0,0,0,0,0,0,0,0,0,0,0,0,0,0,0,0,0,0,0,0,0,0,0,0,0,0,0,0,0,0,0,0,0,0,0,0,0,0,0,0,0,0,0,0,0,0,0
628,0,0,0,0,0,0,0,0,0,0,0,0,0,0,0,0,0,0,0,0,0,0,0,0,0,0,0,0,0,0,0,0,0,0,0,0,0,0,0,0,0,0,0,0,0,0,0,0
629,0,0,0,0,0,0,0,0,0,0,0,0,0,0,0,0,0,0,0,0,0,0,0,0,0,0,0,0,0,0,0,0,0,0,0,0,0,0,0,0,0,0,0,0,0,0,0,0
633,0,0,0,0,0,0,0,0,0,0,0,0,0,0,0,0,0,0,0,0,0,0,0,0,0,0,0,0,0,0,0,0,0,0,0,0,0,0,0,6.99160794941283,4.42632741142226,3.90909364649202,2.99498243500954,0,0,0,0,0
634,0,0,0,0,0,0,0,0,0,0,0,0,0,0,0,0,0,0,0,0,0,0,0,0,0,0,0,0,0,0,0,0,0,0,0,0,0,0,0,0,0,0,0,0,0,0,0,0
635,0,0,0,0,0,0,0,0,0,0,0,0,0,0,0,0,0,0,0,0,0,0,0,0,0,0,0,0,0,0,0,0,0,0,0,0,0,0,0,0,0,0,0,0,0,0,0,0
636,0,0,0,0,0,0,0,0,0,0,0,0,0,0,0,0,0,0,0,0,0,0,0,0,0,0,0,0,0,0,0,0,0,0,0,0,0,0,0.0228314764629128,6.83455284552846,3.3294248720265,0.946017263876343,0,0,0,0,0,0
637,0,0,0,0,0,0,0,0,0,0,0,0,0,0,0,0,0,0,0,0,0,0,0,0,0,0,0,0,0,0,0,0,0,0,0,0,0,0,0,0,0,0,0,0,0,0,0,0
638,0,0,0,0,0,0,0,0,0,0,0,0,0,0,0,0,0,0,0,0,0,0,0,0,0,0,0,0,0,0,0,0,0,0,0,0,0,0,0,0,0,0,0,0,0,0,0,0
639,0,0,0,0,0,0,0,0,0,0,0,0,0,0,0,0,0,0,0,0,0,0,0,0,0,0,0,0,0,0,0,0,0,0,0,0,0,0,0,0,0,0,0,0,0,0,0,0
640,0,0,0,0,0,0,0,0,0,0,0,0,0,0,0,0,0,0,0,0,0,0,0,0,0,0,0,0,0,0,0,0,0,0,0,0,0,0,0,0,0,0,0,0,0,0,0,0
641,0,0,0,0,0,0,0,0,0,0,0,0,0,0,0,0,0,0,0,0,0,0,0,0,0,0,0,0,0,0,0,0,0,0,0,0,0,0,0,3.17384929641398,4.3165546981389,0,0,0,0,0,0,0
642,0,0,0,0,0,0,0,0,0,0,0,0,0,0,0,0,0,0,0,0,0,0,0,0,0,0,0,0,0,0,0,0,0,0,0,0,0,0,0,0,0,0,0,0,0,0,0,0
643,0,0,0,0,0,0,0,0,0,0,0,0,0,0,0,0,0,0,0,0,0,0,0,0,0,0,0,0,0,0,0,0,0,0,0,0,0,0,0,0,0,0,0,0,0,0,0,0
644,0,0,0,0,0,0,0,0,0,0,0,0,0,0,0,0,0,0,0,0,0,0,0,0,0,0,0,0,0,0,0,0,0,0,0,0,0,0,0,0,0,0,0,0,0,0,0,0
645,0,0,0,0,0,0,0,0,0,0,0,0,0,0,0,0,0,0,0,0,0,0,0,0,0,0,0,0,0,0,0,0,0,0,0,0,0,0,0,0,0,0,0,0,0,0,0,0
646,0,0,0,0,0,0,0,0,0,0,0,0,0,0,0,0,0,0,0,0,0,0,0,0,0,0,0,0,0,0,0,0,0,0,0,0,0,0,0,3.29464574898785,5.50286690283401,3.40581477732793,0,0,0,0,0,0
647,0,0,0,0,0,0,0,0,0,0,0,0,0,0,0,0,0,0,0,0,0,0,0,0,0,0,0,0,0,0,0,0,0,0,0,0,0,0,0,0,0,0,0,0,0,0,0,0
648,0,0,0,0,0,0,0,0,0,0,0,0,0,0,0,0,0,0,0,0,0,0,0,0,0,0,0,0,0,0,0,0,0,0,0,0,0,0,0,0,0,0,0,0,0,0,0,0
649,0,0,0,0,0,0,0,0,0,0,0,0,0,0,0,0,0,0,0,0,0,0,0,0,0,0,0,0,0,0,0,0,0,0,0,0,0,0,0,0,0,0,0,0,0,0,0,0
650,0,0,0,0,0,0,0,0,0,0,0,0,0,0,0,0,0,0,0,0,0,0,0,0,0,0,0,0,0,0,0,0,0,0,0,0,1.01817813765182,6.41855465587045,4.06162348178138,3.64124696356275,3.36402024291498,0,0,0,0,0,0,0
651,0,0,0,0,0,0,0,0,0,0,0,0,0,0,0,0,0,0,0,0,0,0,0,0,0,0,0,0,0,0,0,0,0,0,0,6.26431578947369,4.22695141700405,3.35293117408907,3.57471255060729,3.19869230769231,3.02126720647773,1.61597975708502,0,0,0,0,0,0
652,0,0,0,0,0,0,0,0,0,0,0,0,0,0,0,0,0,0,0,0,0,0,0,0,0,0,0,0,0,0,0,0,0,0,0,0,0,4.36057849165516,4.69278454009286,4.1081817041034,1.00459907140168,0,0,0,0,0,0,0
653,0,0,0,0,0,0,0,0,0,0,0,0,0,0,0,0,0,0,0,0,0,0,0,0,0,0,0,0,0,0,0,0,0,0,0,0,0,2.10153193625298,6.12863972894968,3.31234834985569,1.57266959467938,0,0,0,0,0,0,0
654,0,0,0,0,0,0,0,0,0,0,0,0,0,0,0,0,0,0,0,0,0,0,0,0,0,0,0,0,0,0,0,0,0,0,0,0,0,4.04997214205045,4.9724989333668,3.36702396787552,3.34515372066759,3.19106788806626,0.879780399046304,0,0,0,0,0
655,0,0,0,0,0,0,0,0,0,0,0,0,0,0,0,0,0,0,0,0,0,0,0,0,0,0,0,0,0,0,0,0,0,0,0,0,4.11604668088844,4.35828435186347,3.64054310453005,3.65250545865228,1.56706839001129,0,0,0,0,0,0,0
656,0,0,0,0,0,0,0,0,0,0,0,0,0,0,0,0,0,0,0,0,0,0,0,0,0,0,0,0,0,0,0,0,0,0,0,0,0,0,0,0,0,0,0,0,0,0,0,0
657,0,0,0,0,0,0,0,0,0,0,0,0,0,0,0,0,0,0,0,0,0,0,0,0,0,0,0,0,0,0,0,0,0,0,0,0,1.48430267285732,6.24748299661187,3.68923779646129,3.54511130631196,2.3700800602334,0,0,0,0,0,0,0
658,0,0,0,0,0,0,0,0,0,0,0,0,0,0,0,0,0,0,0,0,0,0,0,0,0,0,0,0,0,0,0,0,0,0,0,0,0,0,0,7.06857824068264,4.22811268666081,3.6626264274062,0.82115823817292,0,0,0,0,0
659,0,0,0,0,0,0,0,0,0,0,0,0,0,0,0,0,0,0,0,0,0,0,0,0,0,0,0,0,0,0,0,0,0,0,0,0,0,0,0,0,6.49615924704935,3.64680801268339,1.253433324106,0,0,0,0,0
660,0,0,0,0,0,0,0,0,0,0,0,0,0,0,0,0,0,0,0,0,0,0,0,0,0,0,0,0,0,0,0,0,0,0,0,0,0,0,0,0,0,0,0,0,0,0,0,0
661,0,0,0,0,0,0,0,0,0,0,0,0,0,0,0,0,0,0,0,0,0,0,0,0,0,0,0,0,0,0,0,0,0,0,0,0,0,0,0,0,0,0,0,0,0,0,0,0
662,0,0,0,0,0,0,0,0,0,0,0,0,0,0,0,0,0,0,0,0,0,0,0,0,0,0,0,0,0,0,0,0,0,0,0,0,0,0,0,0,0,0,0,0,0,0,0,0
663,0,0,0,0,0,0,0,0,0,0,0,0,0,0,0,0,0,0,0,0,0,0,0,0,0,0,0,0,0,0,0,0,0,0,0,0,0,2.18898155371568,6.26092583738078,4.20352240984473,3.68518433701588,3.85165060271284,0.824356896595113,0,0,0,0,0
664,0,0,0,0,0,0,0,0,0,0,0,0,0,0,0,0,0,0,0,0,0,0,0,0,0,0,0,0,0,0,0,0,0,0,0,0,0,3.31141656390769,5.22008027782671,3.26642449102851,3.7193446913456,3.07945743261947,0,0,0,0,0,0
665,0,0,0,0,0,0,0,0,0,0,0,0,0,0,0,0,0,0,0,0,0,0,0,0,0,0,0,0,0,0,0,0,0,0,0,0,0,0,1.87850215164708,6.12315600070463,3.33844678762866,1.62416337418527,0,0,0,0,0,0
666,0,0,0,0,0,0,0,0,0,0,0,0,0,0,0,0,0,0,0,0,0,0,0,0,0,0,0,0,0,0,0,0,0,0,0,0,0,0,0,0,0,0,0,0,0,0,0,0
667,0,0,0,0,0,0,0,0,0,0,0,0,0,0,0,0,0,0,0,0,0,0,0,0,0,0,0,0,0,0,0,0,0,0,0,0.830479650066618,7.09564217300586,3.6975879232761,4.15139646547173,3.54231126976545,0,0,0,0,0,0,0,0
668,0,0,0,0,0,0,0,0,0,0,0,0,0,0,0,0,0,0,0,0,0,0,0,0,0,0,0,0,0,0,0,0,0,0,0,0,0,0,0,0,0,0,0,0,0,0,0,0
669,0,0,0,0,0,0,0,0,0,0,0,0,0,0,0,0,0,0,0,0,0,0,0,0,0,0,0,0,0,0,0,0,0,0,0,0,0,0,0,0,6.57687121345433,0.887355639910505,0,0,0,0,0,0
670,0,0,0,0,0,0,0,0,0,0,0,0,0,0,0,0,0,0,0,0,0,0,0,0,0,0,0,0,0,0,0,0,0,0,0,0,0,0,0,0,0,0,0,0,0,0,0,0
671,0,0,0,0,0,0,0,0,0,0,0,0,0,0,0,0,0,0,0,0,0,0,0,0,0,0,0,0,0,0,0,0,0,0,0,2.89444832700671,5.80002136805852,4.07872470398954,4.04636189949471,3.18470222981975,3.72071117926544,2.77207647251062,0,0,0,0,0,0
672,0,0,0,0,0,0,0,0,0,0,0,0,0,0,0,0,0,0,0,0,0,0,0,0,0,0,0,0,0,0,0,0,0,0,0,4.23864048870007,4.81958118605294,3.44516051182785,3.43301541014103,3.42188240026144,0.951366298800875,0,0,0,0,0,0,0
673,0,0,0,0,0,0,0,0,0,0,0,0,0,0,0,0,0,0,0,0,0,0,0,0,0,0,0,0,0,0,0,0,0,0,0,0,0,0,0,4.35183804209104,4.50826355696804,2.38147819123646,0,0,0,0,0,0
674,0,0,0,0,0,0,0,0,0,0,0,0,0,0,0,0,0,0,0,0,0,0,0,0,0,0,0,0,0,0,0,0,0,0,0,0,0,0,0,0,0,0,0,0.988469758014064,6.46307149470734,2.59923525437301,0,0
675,0,0,0,0,0,0,0,0,0,0,0,0,0,0,0,0,0,0,0,0,0,0,0,0,0,0,0,0,0,0,0,0,0,0,0,0,0,0,0,0,0,0,0,0.411195415530142,7.01833537699257,2.32110307549861,0,0
676,0,0,0,0,0,0,0,0,0,0,0,0,0,0,0,0,0,0,0,0,0,0,0,0,0,0,0,0,0,0,0,0,3.15744100497986,5.35322989915167,3.78694026676009,3.62086384224619,3.4329090863592,3.76406746577914,3.34539576086685,3.19025850203949,3.45478741773229,0.77270288531318,0,0,0,0,0,0
677,0,0,0,0,0,0,0,0,0,0,0,0,0,0,0,0,0,0,0,0,0,0,0,0,0,0,0,0,0,0,0,0,0,0,0,6.22362203148069,4.96808438227271,3.8126693526188,4.11203598508546,3.52331498210755,3.54534195840945,3.40016416005605,1.30059282800731,0,0,0,0,0
678,0,0,0,0,0,0,0,0,0,0,0,0,0,0,0,0,0,0,0,0,0,0,0,0,0,0,0,0,0,0,0,0,0,3.78429418683216,5.18711018242787,3.26087034858987,3.41729586346688,3.91865969320087,3.53962863792197,3.28293035709817,0.990694927554366,0,0,0,0,0,0,0
679,0,0,0,0,0,0,0,0,0,0,0,0,0,0,0,0,0,0,0,0,0,0,0,0,0,0,0,0,0,0,0,0,0,0,0,0,0,0,5.8166074422562,4.55692800480468,4.21164535422036,3.49799429443708,0.858187983283702,0,0,0,0,0
680,0,0,0,0,0,0,0,0,0,0,0,0,0,0,0,0,0,0,0,0,0,0,0,0,0,0,0,0,0,0,0,0,0,0,0,0,0,0,0,0,5.91453205048107,4.90865925278021,4.42684618268149,0.257503436211421,0,0,0,0
681,0,0,0,0,0,0,0,0,0,0,0,0,0,0,0,0,0,0,0,0,0,0,0,0,0,0,0,0,0,0,0,0,0,0,0,0,0,0.223359240284893,7.26923653629889,4.6301766837436,3.53450905910284,3.4218233162564,3.3433457453455,3.31114981881794,3.31014369611396,2.47103736098963,0,0
682,0,0,0,0,0,0,0,0,0,0,0,0,0,0,0,0,0,0,0,0,0,0,0,0,0,0,0,0,3.15262776458828,5.64456128951643,3.77812520304886,3.99131725602899,3.68862476571286,3.43118530551043,3.66650106210171,3.44325278020742,3.21899887542172,3.15162214169686,3.11944220917156,3.21899887542172,3.275313757341,3.24112257903286,3.08525103086343,1.73268824190928,0,0,0,0
683,0,0,0,0,0,0,0,0,0,0,0,0,0,0,0,0,0,0,0,0,0,0,0,0,0,0,0,0,0,0,0,0,0,0,0,0,2.59221242034237,6.32322928901662,4.16724028489316,3.63150968386855,4.24563988504311,3.88781606897413,0,0,0,0,0,0
684,0,0,0,0,0,0,0,0,0,0,0,0,0,0,0,0,0,0,0,0,0,0,0,0,0,0,0,0,0,0,0,0,0,0,0,6.09509134074722,4.89780532300387,3.45603148819193,4.05970511058353,3.41075596651256,3.26587429713857,0.850173684868174,0,0,0,0,0,0
685,0,0,0,0,0,0,0,0,0,0,0,0,0,0,0,0,0,0,0,0,0,0,0,0,0,0,0,0,0,0,0,1.48224765712858,6.64403973509934,4.17997850805948,3.72367087342247,3.32151843058853,3.94630888416844,3.50002998875422,3.54515931525678,3.99043533674872,0.0340977133574909,0,0,0,0,0,0,0
686,0,0,0,0,0,0,0,0,0,0,0,0,0,0,0,0,0,0,0,0,0,0,0,0,0,0,0,0,0,0,3.86715481694365,5.62477171060852,4.08785105585406,4.01130326127702,3.32634961889292,3.5689166562539,3.58084618268149,3.14939497688367,3.12653005123079,3.98943246282644,3.76873622391603,0.894714482069224,0,0,0,0,0,0
687,0,0,0,0,0,0,0,0,0,0,0,0,0,0,0,0,0,0,0,0,0,0,0,0,0,0,0,0,0,0,0,0,0,0,0,0,0,0,6.43393717824368,4.56086547787809,3.71260762515855,3.74614340073118,2.09302693426845,0,0,0,0,0
688,0,0,0,0,0,0,0,0,0,0,0,0,0,0,0,0,0,0,0,0,0,0,0,0,0,0,0,0,0,0,0,0,0,0,2.8397831331294,6.37226839762242,4.02811708821408,3.97293740207416,3.58766495063294,3.2467333184113,3.29107413763088,3.81922256211296,0.747881817503544,0,0,0,0,0
689,0,0,0,0,0,0,0,0,0,0,0,0,0,0,0,0,0,0,0,0,0,0,0,0,0,0,0,0,0,0,6.8486925812629,4.75672113208486,3.66735805416698,3.91973538262578,3.29273545723594,3.17049018876371,3.21583923997115,3.19316471436743,3.19316471436743,3.22668357830336,3.18232037603522,3.29174960829665,3.27104678057151,1.59608943271407,0,0,0,0
690,0,0,0,0,0,0,0,0,0,0,0,0,0,0,0,0,0,0,0,0,0,0,0,0,0,0,0,0,0,0,0.794422144296053,7.1300375537815,4.29323907582879,3.44348404586038,3.81796911139297,3.43261508617474,3.13421273844164,3.13421273844164,3.189545624114,1.6669031808799,0,0,0,0,0,0,0,0
691,0,0,0,0,0,0,0,0,0,0,0,0,0,0,0,0,0,0,0,0,0,0,0,0,0,0,0,0,0,0,0,0,0,0,1.97557412519585,6.3284324404984,4.0510761272352,3.99611579497128,3.50447064090129,3.23666393096073,0.815411475042901,0,0,0,0,0,0,0
692,0,0,0,0,0,0,0,0,0,0,0,0,0,0,0,0,0,0,0,0,0,0,0,0,0,0,0,0,0,0,0,0,0,5.40644134397772,4.66506006118033,4.24537292645925,3.936546544306,3.85835012061976,3.41589693849636,3.88012633987416,3.4723171429282,0.840364097590092,0,0,0,0,0,0
693,0,0,0,0,0,0,0,0,0,0,0,0,0,0,0,0,0,0,0,0,0,0,0,0,0,0,0,0,0,0.0543858340172598,7.34505409236738,4.56148822402945,3.46783854360964,3.89896988236464,3.43520704319928,3.20283120694372,3.25820587430675,3.35708920888358,3.95434454972767,3.6003422119426,3.3689552090328,0,0,0,0,0,0,0
694,0,0,0,0,0,0,0,0,0,0,0,0,0,0,0,0,0,0,0,0,0,0,0,0,0,0,0,0,0,0,0,0,0,0,3.88489314090315,5.73893316906366,4.43631021824399,3.99577592275973,3.7410452076838,3.48731343658855,4.13862491199839,3.9288466760535,0,0,0,0,0,0
695,0,0,0,0,0,0,0,0,0,0,0,0,0,0,0,0,0,0,0,0,0,0,0,0,0,0,0,0,0,0,0,0,0,0,3.87682993060445,6.08516343155989,4.2417198028764,4.01978678467263,4.37367997586242,3.56792316202353,3.51194005833249,3.69988333500955,3.64489992959871,3.47895001508599,1.81145328371719,0,0,0
696,0,0,0,0,0,0,0,0,0,0,0,0,0,0,0,0,0,0,0,0,0,0,0,0,0,0,0,0,0,0,0,0,0.355050286633813,7.24643593482852,4.64273383284723,3.52342275973046,3.91157095444031,3.2576365282108,3.8343425022629,3.59062154279393,3.27970180026149,3.26866916423615,3.24660389218546,3.30176707231218,3.39103112742633,1.88357185959972,0,0
697,0,0,0,0,0,0,0,0,0,0,0,0,0,0,0,0,0,0,0,0,0,0,0,0,0,0,0,0,0,0,0,0,0,5.10682993060445,5.32843005129237,3.94468269134064,4.47511917932214,3.72207985517449,4.49818163532133,3.97676958664387,4.11013074524791,3.555629085789,0.410110630594388,0,0,0,0,0
698,0,0,0,0,0,0,0,0,0,0,0,0,0,0,0,0,0,0,0,0,0,0,0,0,0,0,0,0,0,0,0,0,0,0,7.37803429548426,4.54813084582118,4.32720154882832,3.70558684501659,4.00584984411144,3.58307150759328,3.3390450568239,3.49570401287338,2.2966604646485,0,0,0,0,0
699,0,0,0,0,0,0,0,0,0,0,0,0,0,0,0,0,0,0,0,0,0,0,0,0,0,0,0,0,0,0,0,0,0,0,0,0,0,5.29962033591471,5.42437694860706,4.10073971638339,3.91106909383486,4.14638237956351,4.72857990546113,4.49326661973248,4.07943980689933,0.952410238358644,0,0
700,0,0,0,0,0,0,0,0,0,0,0,0,0,0,0,0,0,0,0,0,0,0,0,0,0,0,0,0,0,0,0,0,0,0,6.59229105903651,4.95530624559992,4.4220765865433,3.76385547621442,4.03097430353012,3.61971210902142,3.59652821080157,3.84247913104697,3.27396962687318,2.47261314492608,0,0,0,0
701,0,0,0,0,0,0,0,0,0,0,0,0,0,0,0,0,0,0,0,0,0,0,0,0,0,0,0,0,0,0,0,0,0,0.0330248120300752,7.28747518796992,4.6585,3.96998270676692,3.67175864661654,3.79385037593985,3.5937,3.23843308270677,3.34951654135338,3.23843308270677,0,0,0,0,0
702,0,0,0,0,0,0,0,0,0,0,0,0,0,0,0,0,0,0,0,0,0,0,0,0,0,0,0,0,0,0,0,0,0,0,0,0,0,0,6.04705614035088,5.13614385964912,4.2943007518797,3.61662205513784,3.91592180451128,3.80581152882206,3.37237744360902,3.32833333333333,0,0
703,0,0,0,0,0,0,0,0,0,0,0,0,0,0,0,0,0,0,0,0,0,0,0,0,0,0,0,0,0,0,0,0,0,0,0,0,5.6615007518797,5.61643308270677,4.45068270676692,4.50676691729323,3.5964,4.10716691729323,3.61843308270677,3.41913383458647,2.14221654135338,0,0,0
704,0,0,0,0,0,0,0,0,0,0,0,0,0,0,0,0,0,0,0,0,0,0,0,0,0,0,0,0,0,0,0,0,0,0,0,6.70163909774436,4.51973333333333,4.33182756892231,3.53322807017544,4.02198295739348,3.40029473684211,3.96601102756892,4.08794987468672,4.23187769423559,3.54422255639098,0.87556090225564,0,0
705,0,0,0,0,0,0,0,0,0,0,0,0,0,0,0,0,0,0,0,0,0,0,0,0,0,0,0,0,0,0,0,0,0,0,0,0,5.22144962406015,5.6332992481203,4.6097022556391,3.64034887218045,4.2752,3.3620992481203,3.9185984962406,3.6745022556391,0.490201503759399,0,0,0
706,0,0,0,0,0,0,0,0,0,0,0,0,0,0,0,0,0,0,0,0,0,0,0,0,0,0,0,0,0,0,0,0,0,5.72916917293233,4.859464160401,4.17720426065163,4.48961278195489,3.82045388471178,4.05425639097744,3.85371027568922,3.6410709273183,4.75767944862155,4.43418546365915,3.85371027568922,1.46328120300752,0,0,0
707,0,0,0,0,0,0,0,0,0,0,0,0,0,0,0,0,0,0,0,0,0,0,0,0,0,0,0,0,0,0,0,0,0,0,0.981842105263158,7.21024561403509,4.74405964912281,3.92837543859649,4.1851649122807,3.56081403508772,3.34833333333333,3.75013333333333,3.6162,3.47118947368421,0,0,0,0
708,0,0,0,0,0,0,0,0,0,0,0,0,0,0,0,0,0,0,0,0,0,0,0,0,0,0,0,0,0,0,0,0,0,0,0,0,0,0,0,0,0,0,0,0,7.58973407977607,3.95051784464661,0,0
709,0,0,0,0,0,0,0,0,0,0,0,0,0,0,0,0,0,0,0,0,0,0,0,0,0,0,0,0,0,0,0,0,0,0,0,0,0,2.17385184444667,7.02089973008097,4.61341897430771,4.01280215935219,4.13412876137159,3.37709087273818,3.82228931320604,3.6227521743477,1.60431870438868,0,0
710,0,0,0,0,0,0,0,0,0,0,0,0,0,0,0,0,0,0,0,0,0,0,0,0,0,0,0,0,0,0,0,0,0,0,0,7.1456478056583,4.78921123662901,4.20863990802759,3.63911751474558,3.39403204038788,3.71746451064681,3.98565230430871,0,0,0,0,0,0
711,0,0,0,0,0,0,0,0,0,0,0,0,0,0,0,0,0,0,0,0,0,0,0,0,0,0,0,0,0,0,0,0,6.94406053184045,4.57203463960812,3.77934744576627,3.92520993701889,3.23110566829951,3.25323652904129,3.5781578026592,3.94633484954514,3.98053708887334,3.61135409377187,3.34276592022393,2.44847795661302,0,0,0,0
712,0,0,0,0,0,0,0,0,0,0,0,0,0,0,0,0,0,0,0,0,0,0,0,0,0,0,0,0,0,0,0,0,0,0,0,0,0,0,4.82816305108467,5.29670198940318,3.46477506747976,3.94437393781865,3.17420048985304,3.17420048985304,1.58659752074378,0,0,0
713,0,0,0,0,0,0,0,0,0,0,0,0,0,0,0,0,0,0,0,0,0,0,0,0,0,0,0,0,0,0,0,0,0,0,0,5.55685794261722,4.47244576627012,3.98053708887334,3.33170048985304,4.20385759272218,3.76727606717985,3.94734079776067,3.76828201539538,3.53289013296011,2.30261546536039,0,0,0
714,0,0,0,0,0,0,0,0,0,0,0,0,0,0,0,0,0,0,0,0,0,0,0,0,0,0,0,0,0,0,4.02670873737879,5.40493077076877,3.65541612516245,3.76841822453264,3.25183719884035,3.12874562631211,3.48793087073878,3.3194366689993,3.07224457662701,3.07325352394282,3.07224457662701,3.03894931520544,3.06114615615315,3.07325352394282,0.0221968409477157,0,0,0
715,0,0,0,0,0,0,0,0,0,0,0,0,0,0,0,0,0,0,0,0,0,0,0,0,0,0,0,0,0,0,0,0,0,0,0.056236815920398,7.22140970149254,4.20571044776119,3.87933606965174,3.33102711442786,3.35312014925373,3.39730621890547,3.45454726368159,3.70058333333333,3.30792985074627,3.42040348258706,1.19904925373134,0,0
716,0,0,0,0,0,0,0,0,0,0,0,0,0,0,0,0,0,0,0,0,0,0,0,0,0,0,0,0,0,0,0,0,0,0,0,0,0,0,0,0,5.48681069651741,5.57623134328358,4.15052462686567,4.12942537313433,3.79183731343284,3.6351,0,0
717,0,0,0,0,0,0,0,0,0,0,0,0,0,0,0,0,0,0,0,0,0,0,0,0,0,0,0,0,0,0,0,0,0,0,4.74833631840796,6.18936368159204,2.10410149253731,0,0,0,0,0,0,0,0,0,0,0
718,0,0,0,0,0,0,0,0,0,0,0,0,0,0,0,0,0,0,0,0,0,0,0,0,0,0,0,0,0,0,0,0,0,0,0,0,0,0,0,0,1.29294328358209,7.33171343283582,4.81228656716418,3.8798368159204,3.8113631840796,0,0,0
719,0,0,0,0,0,0,0,0,0,0,0,0,0,0,0,0,0,0,0,0,0,0,0,0,0,0,0,0,0,0,0,0,0,0,0,0,0,0,4.25503233830846,6.26429701492537,4.28838532338309,4.59361567164179,3.56674800995025,4.02863631840796,3.90533134328358,3.55461965174129,0,0
720,0,0,0,0,0,0,0,0,0,0,0,0,0,0,0,0,0,3.52257064676617,6.12581666666667,4.28616268656716,3.79183731343284,4.039,3.48941467661692,4.49916467661692,4.58858532338308,3.91541865671642,0.684218656716418,0,0,0,0,0,0,0,0,0,0,2.6032460199005,6.61913731343284,4.4429,3.96063134328358,4.08421268656716,4.07215597014925,3.46731069651741,3.89230995024876,1.25691268656716,0,0
721,0,0,0,0,0,0,0,0,0,0,0,0,0,0,0,0,0,0,0,0,7.1428552238806,4.51265970149254,3.63357014925373,0,0,0,0,0,0,0,0,0,0,0,0,0,0,0,0,0,0,0,0,0,0,4.17517014925373,5.87777462686567,4.37827014925373
722,2.62465422885572,0,0,0,0,0,0,0,0,0,0,0,0,0,0,0,0,0,0,0,0,0,0,0,0,0,0,0,0,0,0,0,0,0,0,0,0,0,0,0,0.13534043710443,7.6482384790348,4.86624060522152,4.4040780755538,3.77349189082278,3.85168858781646,3.90883232792721,1.30628584849684
723,0,0,0,0,0,0,0,0,0,0,0,0,0,0,0,0,0,0,0,0,0,0,0,0,0,0,0,0,0,2.20583217958861,7.53767800632911,4.87125445015823,4.31954608386076,3.70175286787975,0,0,0,0,0,0,0,0,5.63623664952532,4.54483534414557,4.17335838607595,3.47646360759494,0,0
724,0,0,0,0,0,0,0,0,0,0,0,0,0,0,0,0,0,0,0,0,0.460338953718354,6.38383282238924,0,0,0,0,0,0,0,0,0,0,0,0,0,0,0,0,2.45747107397152,6.91107570213608,4.20695881131329,4.24091005735759,3.81552091574367,3.91537752175633,3.54490951344937,3.5349238528481,3.51095826740506,3.35518196202532
725,0,0,0,0,0,0,0,0,0,0,0,0,0,0,0,0,0,0,0,0,0,0,0,0,0,1.18005834651899,7.07834998022152,4.49422221123418,3.9101933346519,4.02319892207279,3.4381699960443,3.48317222112342,1.68508331685127,0,0,0,0,0,0,0,0,0,6.2813105715981,4.00019778481013,3.9891972409019,3.2801621835443,3.33716500197785,3.16915669501582
726,0,0,0,0,0,0,0,0,0,0,0,0,0,0,0,0,0,0,0,0,0,0,0,0,7.6998046875,2.518125,0,0,0,0,0,0,0,0,0,0,0,0,6.5363671875,4.90177734375,3.93955078125,3.860859375,3.44748046875,3.5480859375,3.51421875,1.3088671875,0,0
727,0,0,0,0,0,0,0,0,0,0,0,0,0,0,0,0,0,0,0,0,0,0,0,0,0,0,0,0,0,0,0,0,0,0,0,0,7.19295688291139,4.46401305379747,3.54049248417721,3.31753955696202,3.36213014240506,3.31853045886076,3.27294897151899,3.3284394778481,3.21844936708861,3.2501582278481,1.73705102848101,0
728,0,0,0,0,0,0,0,0,0,0,0,0,0,0,0,0,0,0,0,0,0,0,0,0,0,0,0,0.0336402294303798,7.11490852452532,3.87950998813291,3.31257318037975,3.24628214003165,3.39073724287975,3.42437747231013,3.90127719541139,3.55794897151899,0.622344244462025,0,3.26804934731013,3.72417128164557,3.45801770174051,3.13447784810127,2.95737193433544,2.87920787183544,0.722275514240506,0,0,0
729,0,0,0,0,0,0,0,0,0,0,0,0,0,0,0,0,0,0,0,0,0,0,0,0,0,0,0,0,0,0,0,0,0,0,0,0,0,4.43989012892529,5.01737249758729,3.40754151097473,3.2641597584816,3.82878721140284,3.76352379302665,0.8543574769246,0,0,0,0
730,0,0,0,0,0,0,0,0,0,0,0,0,0,0,0,0,0,0,0,0,0,0,0,0,0,0,0,0,0,0,0,0,0,0,0,0,0,0,0,5.15786790725298,4.80215287916656,3.59469797827324,3.72611491920517,3.52750736185692,3.28344732869763,1.05331172205588,0,0
731,0,0,0,0,0,0,0,0,0,0,0,0,0,0,0,0,0,0,0,0,0,0,0,0,0,0,0,0,0,0,0,0,0,0,0,0,0,0,0,2.18030610477345,6.2214161985598,4.10717997574918,3.49775927346515,3.71963574274331,3.53128727326718,2.83311598327188,0,0
732,0,0,0,0,0,0,0,0,0,0,0,0,0,0,0,0,0,0,0,0,0,3.27193511667615,6.10078542970973,3.61458736482641,3.54861696072851,3.49249288560046,3.50332384746727,3.07303927148549,0,0,0,0,0,0.275697211155378,6.44442231075697,3.51513944223108,3.08288560045532,3.19513375071144,3.13900967558338,3.16067159931702,2.90663631189528,2.62010813887308,3.09470119521912,3.11636311895276,2.5531531018782,2.9292828685259,0.564194649971542,0
733,0,0,0,0,0,0,0,0,0,0,0,0,0,0,0,0,0,0,0,0,0,0,0,0,0,0,0,0,0,0,6.96157382890797,4.04385538590978,3.64714805374774,3.458146049343,3.2376437108708,3.2376437108708,3.0171413723986,2.91673405755859,2.89507757788721,3.38136398505357,3.37053574521789,3.18251812625275,3.3478948801069,3.19334636608844,0.98340105416842,0,0,0
734,0,0,0,0,0,0,0,0,0,0,0,0,0,0,0,0,0,0,0,0,0,0,0,0,0,0,0,0,0,0,0,0,0,0,0,0,0,0,0,0,0,0.420015589814654,7.22092375838262,4.19622132587662,3.85391353839301,3.49980203409963,3.30208977753582,3.25684219643166
735,3.24928856004553,2.88497438816164,2.95094479225953,3.33790552077405,3.03956175298805,2.82983494593056,3.32707455890723,2.49801365964713,3.34873648264086,2.54232214001138,3.30442800227661,2.54232214001138,3.31624359704041,2.51967558338076,3.32707455890723,2.45370517928287,3.27193511667615,2.59746158224246,3.18331815594764,0.829060899260102,0.364314171883893,0,0,0,0,0,0,0,0,0,0,0,0,3.63624928856005,5.09547524188958,3.90210017074559,3.45901536710302,3.15082527034718,2.92829823562891,3.20596471257826,3.32608992601024,2.62010813887308,3.19414911781446,3.00608423449061,2.74121798520205,1.1274046670461,0,0
736,0,0,0,0,0,0,0,0,0,0,0,0,0,0,0,0,0,0,0,0,0,0,0,0,0,0,0,0,0,0,0,0,0,4.02321001707456,6.00232214001138,3.55846328969835,3.6805577689243,3.87945361411497,3.57027888446215,3.53680136596471,3.49347751849744,3.60277177006261,3.59194080819579,3.44916903813318,3.4481844052362,0.209726807057484,0,0
737,0,0,0,0,0,0,0,0,0,0,0,0,0,0,0,0,0,0,0,0,0,0,0,0,0,0,0,0,0,0,0,0,0,0,0,0,0,0,0,1.69083350055182,6.95984975418882,3.65599102036721,3.50236956957961,3.5243154911207,3.44650722383867,3.41358834152704,2.6953581820006,2.50782030701314
738,0,0,0,0,0,0,0,0,0,0,0,0,0,0,0,0,0,0,0,0,0,0,0,0,0,0,0,0,0,0,0,0,1.55463429316745,6.98789204374436,3.63776462325675,3.60392495234273,3.91345841276211,3.65866559646835,3.53823617939199,3.47254740644126,3.43870773552724,3.44965586435236,3.41780676231564,3.07443363098224,2.92115982743052,3.36207083375138,0.219957860941106,0
739,0,0,0,0,0,0,0,0,0,0,0,0,0,0,0,0,0,0,0,0,0,0,0,0,0,0,0,0,0,0,0,0,7.22337915119896,4.24147888030501,3.79868164944316,4.35217818802047,3.45661081569178,3.42370021069529,3.71092003611919,3.83258954550015,4.07592856426206,4.37312130029096,3.50148891341427,3.50148891341427,0.872629677937193,0,0,0
740,0,0,0,0,0,0,0,0,0,0,0,0,0,0,0,0,0,0,0,0,0,0,0,0,0,0,0,0,0,0,0,0,0,0,5.88009029798334,4.36971806962978,3.60755794120598,3.46508879301696,4.14854218922444,3.7729417076352,3.29970502658774,3.32062706932878,1.62195645630581,0,0,0,0,0
741,0,0,0,0,0,0,0,0,0,0,0,0,0,0,0,0,5.5775739941808,4.3862185211197,3.48349553526638,1.68601183906893,3.92440654158724,3.32823116283736,3.02068827129527,0,0,0,0,0,0,0,0,0,0,1.8402809270593,5.88611217016153,3.28443864753687,3.12021671516003,3.15206581719675,3.2515942610615,3.32823116283736,3.86966589746162,3.68155713855724,3.30633490518712,2.96495234273101,2.25929567572991,0,0,0
742,0,0,0,0,0,0,0,0,0,0,0,0,0,0,0,0,0,0,0,0,0,0,0,0,0,0,0,0,0,0,0,0,0,0,0,2.62621450787599,5.84820908999699,3.38638206080064,3.1124029296679,3.13332497240895,3.86161131734725,4.2142971806963,3.70718671616334,3.58663589846493,3.22099829437143,0.805996789405037,0,0
743,0,0,0,0,0,0,0,0,0,0,0,0,0,0,0,0,0,0,0,0,0,0,0,0,0,0,0,0,0,0,0,0,0,0,0,0,7.10307843285272,4.15312750056617,3.32814976975919,3.74164716539594,3.37252510002265,3.20712614176795,0.835063033139579,0,0,0,0,0
744,0,0,0,0,0,0,0,0,0,0,0,0,0,0,0,0,0,0,0,0,0,0,0,0,0,0,0,0,0,0,0,0,0,0,0,0,3.78218087114064,5.62943307918774,4.09358345285725,3.68241111194987,3.6713255831509,3.2712387710425,0.767924813165245,0,0,0,0,0
745,0,0,0,0,0,0,0,0,0,0,0,0,0,0,0,0,0,0,0,0,0,0,0,0,0,0,0,0,0,0,0,0,0,0,0,0,0,0,0,0,0,0,0,0,0,0,0,0
746,0,0,0,0,0,0,0,0,0,0,0,0,0,0,0,0,0,0,0,0,0,0,0,0,0,0,0,0,0,0,0,0,1.81086535316172,6.40606124657155,4.11896831987117,3.86584736166679,3.55669963010493,2.22006089429053,0,0,0,0,0,0,0,0,0,0
747,0,0,0,0,0,0,0,0,0,0,0,0,0,0,0,0,0,0,0,0,0,0,0,0,0,0,0,0,0,0,0,0,0,0,0,0,5.22428977630155,5.50204952064618,3.7081427241388,4.21753604589718,3.31005384867014,3.48653657431871,3.61990136131451,3.50859691502479,3.32108401902317,2.47978284391435,0,0
748,0,0,0,0,0,0,0,0,0,0,0,0,0,0,0,0,0,0,0,0,0,0,0,0,0,0,0,0,0,0,0,0,6.79914194408797,4.05025238418761,4.15105508165371,3.21560604916837,3.42729171384716,3.48374122442817,3.27104753277472,3.27205555974938,3.53817468105986,3.36076193351954,4.12887848821117,0.099794670491432,0,0,0,0
749,0,0,0,0,0,0,0,0,0,0,0,0,0,0,0,0,0,0,0,0,0,0,0,0,0,0,0,0,0,0,0,0,0,0,3.38631639868146,5.82615938199844,4.03209783347173,3.80910143177072,3.40851513550238,3.9100047809567,3.2975214513978,3.34090989154777,3.68700837925568,3.5760146951511,3.28642208298734,0,0,0
750,0,0,0,0,0,0,0,0,0,0,0,0,0,0,0,0,0,0,0,0,0,0,0,0,0,0,0,0,0,0,0,0,0,0,0,5.2634968925421,5.30766890537289,4.3509432638332,4.1059893744988,4.1059893744988,4.15116529671211,3.9614264234162,2.893266840417,0,0,0,0,0
751,0,0,0,0,0,0,0,0,0,0,0,0,0,0,0,0,0,0,0,0,0,0,0,0,0,0,0,0,0,0,0,0,0,0,0,0,5.24804280272654,5.10487795709703,4.21685545308741,3.4519747393745,4.00561221932638,3.48501278067362,3.28478222734563,3.62817762630313,3.62917877906977,2.58597759623095,0.0220253608660786,0
752,0,0,0,0,0,0,0,0,0,0,0,0,0,0,0,0,0,0,0,0,0,0,0,0,0,0,0,0,0,0,0,0,0,0,0,0,0,0,0,0,0,3.75038041299118,5.89030924218123,3.95056084603047,3.7163497393745,2.71845028067362,0,0
753,0,0,0,0,0,0,0,0,0,0,0,0,0,0,0,0,0,0,0,0,0,0,0,0,0,0,0,0,0,0,0,0,0,0,0,1.77237795709703,6.89258094426624,4.43144471732157,3.9456152265437,3.67870890136327,4.23251453488372,1.69540497193264,0,0,0,0,0,0
754,0,0,0,0,0,0,0,0,0,0,0,0,0,0,0,0,0,0,0,0,0,0,0,0,0,0,0,0,0,0,0,0,0,0,1.92880663592622,6.9153067361668,4.54454440657578,4.13358560545309,4.16758219727346,3.94560445068164,4.0235966319166,4.52254661186848,4.23357558139535,1.67383219727346,0,0,0,0
755,0,0,0,0,0,0,0,0,0,0,0,0,0,0,0,0,0,0,0,0,0,0,0,0,0,0,0,0,0,0,0,0,0,0,0.574787489975942,7.04613622694467,4.42466619887731,4.45759673215718,4.2580177425822,4.2141103648757,4.08238823175622,3.18528067361668,1.59264033680834,0,0,0,0,0
756,0,0,0,0,0,0,0,0,0,0,0,0,0,0,0,0,0,0,0,0,0,0,0,0,0,0,0,0,0,0,0,0.143372093023256,7.6813590116279,4.55803779069767,3.84018168604651,3.54348110465116,3.78542151162791,3.6081976744186,3.78542151162791,0,0,0,0,0,0,0,0,0
757,0,0,0,0,0,0,0,0,0,0,0,0,0,0,0,0,0,0,0,0,0,0,0,0,0,0,0,0,0,0,0,0,0,0,0,6.85560011013492,4.82339015293735,4.08530900352932,3.67548496908713,3.63171735375835,3.84160296363045,3.5322455007384,3.88636529748942,0,0,0,0,0
758,0,0,0,0,0,0,0,0,0,0,0,0,0,0,0,0,0,0,0,0,0,0,0,0,0,0,0,0,0,0,0,0,0,0,0,0,0,0,0,0,0,5.29225050687092,5.49239017796801,4.05556656904708,4.15513854471728,3.67918450101374,3.80165803108808,3.24803784636179
759,3.68218467622838,3.59198418062126,3.44766338764987,3.32639383244474,3.22516883181898,3.32539160471578,3.27026907962254,3.17004630672574,3.05779680108132,3.0147010087357,3.17004630672574,3.30334259467848,3.28129358464119,3.25824234687492,2.9144782358389,2.88040249305399,3.10289704888488,3.28129358464119,3.27026907962254,3.04677229606268,2.87038021576431,0.43296237891417,0,0,0,0,0,0,0,0,0,0,0,4.54911166178569,4.52706265174839,3.31436709969713,3.42561437761258,3.41458987259393,3.32539160471578,3.1149237816325,3.12494605892218,3.12594828665115,2.98062526595079,2.86937798803534,2.94755175089485,2.6358589271858,0,0
760,0,0,0,0,0,0,0,0,0,0,0,0,0,0,0,0,0,0,0,0,0,0,0,0,0,0,0,0,0,0,0,0,6.8308853345348,4.38283397161523,3.77132236990313,3.63799279116918,4.23947961252534,3.82645866186078,3.73824059472854,3.22597431854021,3.57182924082,4.00489975219644,3.34827663888263,2.50318765487722,0,0,0,0
761,0,0,0,0,0,0,0,0,0,0,0,0,0,0,0,0,0,0,0,0,0,0,0,0,0,0,0,0,0,0,0,0,0,0,2.53394007659383,6.09801006232635,4.17237515957047,3.82933093038973,3.53016445145303,3.18712022227228,3.39753397912443,3.45337838852594,3.25293684763836,1.35023804160096,0,0,0,0
762,0,0,0,0,0,0,0,0,0,0,0,0,0,0,0,0,0,0,0,0,0,0,0,0,0,0,0,0,0,0,0,0,0,0,3.07007584290756,5.84153337838853,3.55745287977773,3.83509799504393,3.24684989111662,3.54746564541563,2.26011113614177,0,0,0,0,0,0,0
763,0,0,0,0,0,0,0,0,0,0,0,0,0,0,0,0,0,0,0,0,0,0,0,0,0,0,0,0,0,0,0,0,0,3.47357262646742,5.78496858651849,4.09253635703737,3.28519236064179,3.77258892142875,3.49450376711472,3.46260869565217,3.46260869565217,0.773455482966634,0,0,0,0,0,0
764,0,0,0,0,0,0,0,0,0,0,0,0,0,0,0,0,0,0,0,0,0,0,0,0,0,0,0,0,0,0,0,0,0,0,0,4.38509581619344,5.37236881709642,3.84084278117789,3.71856125213204,4.05132738035517,3.68548510083275,4.01825122905588,3.45194742650747,3.31864051369519,3.3086174375439,3.31864051369519,2.7192605598475,0
765,0,0,0,0,0,0,0,0,0,0,0,0,0,0,0,0,0,0,0,0,0,0,0,0,0,0,0,0,0,0,0,0,0,0,0,5.22484448680646,4.3133826627872,4.0915400822715,3.49025634594161,3.33466539580616,3.22424601183907,3.20115832246413,3.20216213504565,3.27945570382261,1.63420688271295,0,0,0
766,0,0,0,0,0,0,0,0,0,0,0,0,0,0,0,0,0,0,0,0,0,0,0,0,0,0,0,0,0,0,0,0,0,0,0,0,0,0,0,0,0,0.784856526537574,7.07768837162637,4.15794220929066,1.47085707835858,0,0,0
767,0,0,0,0,0,0,0,0,0,0,0,0,0,0,0,0,0,0,0,0,0,0,0,0,0,0,0,0,0,0,0,0,0,1.33306687067322,0,0,0,6.19891140764523,4.23191055483094,3.48763996187418,4.11054028293368,3.53277766629879,0,0,0,0,0,0
768,0,0,0,0,0,0,0,0,0,0,0,0,0,0,0,0,0,0,0,0,0,0,0,0,0,0,0,0,0,0,0,0,0,0,4.47871325373733,5.6099036821511,3.95716439249523,3.74694316243604,3.32650070231765,3.37054705528243,2.70484649342831,0,0,0,0,0,0,0
769,0,0,0,0,0,0,0,0,0,0,0,0,0,0,0,0,0,0,0,1.26923221631384,7.01218395705829,4.0519715059697,4.21847722484198,3.2573304404535,3.4667088893348,3.64418205076753,3.38893975117889,3.22442811277215,3.05891943413264,2.84854394501856,3.22442811277215,3.22442811277215,3.21246362997893,2.67306486405137,2.84854394501856,3.10278920437444,3.11375664693489,2.6720678238186,2.97018285341627,3.41187167653256,3.58834779773252,2.40685512190228,0,0,0,0,0,0
770,0,0,0,0,0,0,0,0,0,0,0,0,0,0,0,0,0,0,0,0,0,0,0,0,0,0,0,0,0,0,0,0,0,0,0,0,0,5.55713554730611,4.39750576903783,4.40837112471155,3.76336410153507,3.88387077355272,3.47790157519815,3.3583826627872,3.25960670211699,0,0,0
771,0,0,0,0,0,0,0,0,0,0,0,0,0,0,0,0,0,0,0,0,0,0,0,0,0,0,0,0,0,0,0,0,0,0,0,0,0,0,0,0,0,0,0,0,6.1587679341828,4.22678037523829,1.71291662486204,0
772,0,0,0,0,0,0,0,0,0,0,0,0,0,0,0,0,0,0,0,0,0,0,0,0,0,0,0,0,0,0,0,0,0,0,0,0,0,4.74330942108959,5.09510735426909,3.46729657870974,3.43350807665295,3.41164492826327,3.34605548309421,1.80470352162135,0,0,0,0
773,0,0,0,0,0,0,0,0,0,0,0,0,0,0,0,0,0,0,0,0,0,0,0,0,0,0,0,0,0,0,0,0,0,0,0,6.49714884117588,4.4453127821812,3.66242776161332,3.92637754590147,4.005064462727,3.88255192134042,3.97119920738437,3.54091125714859,3.50704600180596,3.47517282030701,2.31678188020468,0,0
774,0,0,0,0,0,0,0,0,0,0,0,0,0,0,0,0,0,0,0,0,0,0,0,0,0,0,0,0,0,0,0,0,0,6.46653882813284,4.801322865456,3.49785040634092,4.05092931674526,3.44304078458914,3.31050115380756,3.33342154108558,4.2930881910304,3.88450737433531,0,0,0,0,0,0
775,0,0,0,0,0,0,0,0,0,0,0,0,0,0,0,0,0,0,0,0,0,0,0,0,0,0,0,0,0,0,0,0,0,0,0,0,5.94430119394,4.854843985151,4.38168556235577,3.98506747265978,4.02880480585934,4.11727350255844,3.65504941306311,3.53377771646433,0,0,0,0
776,0,0,0,0,0,0,0,0,0,0,0,0,0,0,0,0,0,0,0,4.22910604996488,5.53196749272599,4.36067823818601,3.4515440955152,3.63653657068325,3.70380656165346,3.48320056185412,3.40801645429919,3.28633691180897,3.21016353968095,3.27545500150497,3.23192736028895,2.96878298384669,2.94701916323869,3.27644426607806,3.15476472358784,3.11123708237183,3.22104544998495,3.19928162937694,3.14487207785693,3.22005618541186,3.23192736028895,2.147693388181,0,0,0,0,0,0
777,0,0,0,0,0,0,0,0,0,0,0,0,0,0,0,0,0,0,0,0,0,0,0,0,0,0,0,0,0,0,0,0,0,5.60676482391893,5.06976773352062,4.10376743252734,3.36762566469349,3.73123808568275,3.63216113173472,3.39041336410154,3.31313334002207,3.31412410956155,0,0,0,0,0,0
778,0,0,0,0,0,0,0,0,0,0,0,0,0,0,0,0,0,0,0,0,0,0,0,0,0,0,0,0,0,0,0,0,0,0,0,0,0,2.0168437144662,6.47175161086544,4.21220467466835,3.78195805432723,3.91333872394188,4.23426860391661,3.39483638660771,0,0,0,0
779,0,0,0,0,0,0,0,0,0,0,0,0,0,0,0,0,0,0,0,0,0,0,0,0,0,0,0,0,0,0,0,0,0,0,0,0,0,0,6.78312267845862,3.79922981680354,3.86533821857233,3.57786683512318,3.33647100442198,3.35850713834491,1.64069033480733,0,0,0
780,0,0,0,0,0,0,0,0,0,0,0,0,0,0,0,0,0,0,0,0,0,0,0,0,0,0,0,0,0,0,0,0,0,0,0,0,0,0,0,0,0,0,0,0,0,0,0,0
781,0,0,0,0,0,0,0,0,0,0,0,0,0,0,0,0,0,0,0,0,0,0,0,0,0,0,0,0,0,0,0,0,0,0,0,0,0,0,0,3.61180543272268,6.26213720783323,3.88809096651927,4.0749604548326,3.423931269741,3.92124523057486,2.40720050536955,0,0
782,0,0,0,0,0,0,0,0,0,0,0,0,0,0,0,0,0,0,0,0,0,0,0,0,0,0,0,0,0,0,0,0,0,0,0,0,0,0,0,0,0,0,0,0,0,0,0,0
783,0,0,0,0,0,0,0,0,0,0,0,0,0,0,0,0,0,0,0,0,0,0,0,0,0,0,0,0,0,0,0,0,0,0,0,0,0,0,0,0,0,0,0,0,0,0,0,0
784,0,0,0,0,0,0,0,0,0,0,0,0,0,0,0,0,0,0,0,0,0,0,0,0,0,0,0,0,0,0,0,0,0,0,0,0,0,0,0,0,0,0,0,0,0,0,0,0
785,0,0,0,0,0,0,0,0,0,0,0,0,0,0,0,0,0,0,0,0,0,0,0,0,0,0,0,0,0,0,0,0,0,0,0,0,0,0,0,0,0,0,0,0,0,0,0,0
786,0,0,0,0,0,0,0,0,0,0,0,0,0,0,0,0,0,0,0,0,0,0,0,0,0,0,0,0,0,0,0,0,0,0,0,0,0,4.50828416403786,5.31573804416404,3.68103974763407,3.71468365930599,3.62661577287066,2.86468012618297,0,0,0,0,0
787,0,0,0,0,0,0,0,0,0,0,0,0,0,0,0,0,0,0,0,0,0,0,0,0,0,0,0,0,0,0,0,0,0,0,0,0,0,0,0,4.06244668769716,5.3173905362776,4.00788391167192,3.41761388012618,0,0,0,0,0
788,0,0,0,0,0,0,0,0,0,0,0,0,0,0,0,0,0,0,0,0,0,0,0,0,0,0,0,0,0,0,0,0,0,0,2.7502094637224,6.23907482649842,4.26109652996846,4.23937135646688,3.29333880126183,4.19493350157729,2.66330876971609,0,0,0,0,0,0,0
789,0,0,0,0,0,0,0,0,0,0,0,0,0,0,0,0,0,0,0,0,0,0,0,0,0,0,0,0,0,0,0,0,0,0,5.3005996214511,5.37605299684543,4.07646788643533,3.64956063091483,3.83620845425868,3.3000923659306,3.28917148264984,3.03799116719243,0,0,0,0,0,0
790,0,0,0,0,0,0,0,0,0,0,0,0,0,0,0,0,0,0,0,0,0,0,0,0,0,0,0,0,0,0,0,0,0,0,0,0,0.693437223974763,6.96138927444795,4.1085905362776,4.10758990536278,4.06456277602524,1.96023596214511,0,0,0,0,0,0
791,0,0,0,0,0,0,0,0,0,0,0,0,0,0,0,0,0,0,0,0,0,0,0,0,0,0,0,0,0,0,0,0,0,0,0,0,0,0,6.42104858044164,4.38376403785489,4.17463217665615,3.52422208201893,0.672423974763407,0,0,0,0,0
792,0,0,0,0,0,0,0,0,0,0,0,0,0,0,0,0,0,0,0,0,0,0,0,0,0,0,0,0,0,0,0,0,0,0,0,0,0,0,0,0,0,0,0,0,0,0,0,0
793,0,0,0,0,0,0,0,0,0,0,0,0,0,0,0,0,0,0,0,0,0,0,0,0,0,5.62378887506664,5.32705882352941,4.22563710680647,0.0995805935667318,0,0,0,0,0,0,0,0,2.44324506842012,6.15186778034477,3.55472543095788,4.20451395059534,4.0717398258397,3.46721521236894,3.68749955571352,0.352052603518749,0,0,0
794,0,0,0,0,0,0,0,0,0,0,0,0,0,0,0,0,0,0,0,0,0,0,0,0,0,0,0,0,0,0,0,0,0,0,0,0,2.98615222524055,5.81821295285486,3.77977379471426,3.87948005788418,3.43734824443372,3.41619843103404,0,0,0,0,0,0
795,0,0,0,0,0,0,0,0,0,0,0,0,0,0,0,0,0,0,0,0,0,0,0,0,0,0,0,0,0,0,0,0,0,0,0,0,0,6.45343116098403,4.59718601640052,4.36490289167026,3.646845058265,3.86700906344411,1.26038843331895,0,0,0,0,0
796,0,0,0,0,0,0,0,0,0,0,0,0,0,0,0,0,0,0,0,0,0,0,0,0,0,0,0,0,0,0,0,0,0,0,0,2.3879225164386,6.04222854096321,4.00635862804336,3.48833836858006,3.41189266038742,3.37869912919851,3.37869912919851,3.37869912919851,3.3676346188022,0,0,0,0
797,0,0,0,0,0,0,0,0,0,0,0,0,0,0,0,0,0,0,0,0,0,0,0,0,0,0,0,0,0,0,0,0,0,0,4.22664297138795,5.26067176115159,3.6211124933357,3.51046738937267,3.68749955571352,3.3676346188022,3.29118891060956,3.3676346188022,1.6727527990048,0,0,0,0,0
798,0,0,0,0,0,0,0,0,0,0,0,0,0,0,0,0,0,0,0,0,0,0,0,0,0,0,0,0,0,0,0,0,0,0,0,0,0,1.18953210287136,7.05768920256924,4.1402157962883,4.37168143390287,3.96410063723375,1.0023468481048,0,0,0,0,0
799,0,0,0,0,0,0,0,0,0,0,0,0,0,0,0,0,0,0,0,0,0,0,0,0,0,0,0,0,0,0,0,0,0,0,0,0,6.03877529259438,4.21989134022189,3.64783924445911,3.29534235446444,3.31649216786412,3.34972758892076,3.36181319657772,3.36080606260631,3.29433522049303,0,0,0
800,0,0,0,0,0,0,0,0,0,0,0,0,0,0,0,0,0,0,0,0,0,0,0,0,0,0,0,0,0,0,0,0,3.05733338376579,6.14683864134957,3.49969664876314,3.93100083213556,3.64346470988728,3.27851501626447,3.13474695514033,3.28856872683259,3.26745593463953,3.190042363265,3.28856872683259,3.11262879189046,2.8019691353355,1.52816400635449,0,0
801,0,0,0,0,0,0,0,0,0,0,0,0,0,0,0,0,0,0,0,0,0,0,0,0,0,0,0,0,0,0,0,0,0,0,4.4383841440351,5.58707163930706,4.30707693471518,3.80891141538694,3.45608593690899,3.79788561918451,3.66657840986459,3.46711173311143,3.26764505635827,3.36787956728951,1.7120054467055,0,0,0
802,0,0,0,0,0,0,0,0,0,0,0,0,0,0,0,0,0,0,0,0,0,0,0,0,0,0,0,0,0,0,0,0,0,0,0,0,0.870285195551857,6.98628943187836,4.12135058123408,3.69120962251305,4.1873722167587,3.3721050508107,0,0,0,0,0,0
803,0,0,0,0,0,0,0,0,0,0,0,0,0,0,0,0,0,0,0,0,0,0,0,0,0,0,0,0,0,0,0,0,0,0,0,0,6.86758655470661,4.9303956426356,3.67656655823688,4.17110472299972,3.37784552538013,3.49973169932168,0,0,0,0,0,0
804,0,0,0,0,0,0,0,0,0,0,0,0,0,0,0,0,0,0,0,0,0,0,0,0,0,0,0,0,0,0,0,0,0,0,0,0,0,3.61521925511259,6.14138487530575,4.14179463902968,3.95430188869556,3.57034067125602,3.91141790856595,0.461750762790932,0,0,0,0
805,0,0,0,0,0,0,0,0,0,0,0,0,0,0,0,0,0,0,0,0,0,0,0,0,0,0,0,0,0,0,0,0,0,0,0,0,0,0,3.44617822830774,6.15709206445268,3.63248505938422,3.92938043724941,3.72015886224374,3.3804228761631,0,0,0,0
806,0,0,0,0,0,0,0,0,0,0,0,0,0,0,0,0,0,0,0,0,0,0,0,0,0,0,0,0,0,0,0,0,0,0,0,0,0,0,0,6.76883652318632,4.80223541871549,3.66657840986459,4.06350707315228,3.32277403737045,1.64585066949088,0,0,0
807,0,0,0,0,0,0,0,0,0,0,0,0,0,0,0,0,0,0,0,0,0,0,0,0,0,0,0,0,0,0,0,0,0,0,0,1.33834127164134,6.95074015271793,3.67366145006426,3.8624147576926,3.23189838965752,3.24193845921222,3.16563393059651,3.23089438270205,1.78211234595902,0,0,0,0
808,0,0,0,0,0,0,0,0,0,0,0,0,0,0,0,0,0,0,0,0,0,0,0,0,0,0,0,0,0,0,0,0,0.0220548877296439,7.65805851667045,4.44205488772964,3.67915627126333,3.79043320480835,3.68015876616013,3.22602857790882,3.18292129734634,3.18191880244954,3.20497618507598,3.22602857790882,2.44207756860966,0,0,0,0
809,0,0,0,0,0,0,0,0,0,0,0,0,0,0,0,0,0,0,0,0,0,0,0,0,0,0,0,0,0,0,0,0,0,0,0,0,0,0,0,4.54875330762834,4.74604621859328,3.56629470023437,4.50368639903228,0,0,0,0,0
810,0,0,0,0,0,0,0,0,0,0,0,0,0,0,0,0,0,0,0,0,0,0,0,0,0,0,0,0,0,0,0,0,0,0,0,0,0,0,0,4.14285123862806,5.16856682039263,3.74696101408735,3.29508631334896,0,0,0,0,0
811,0,0,0,0,0,0,0,0,0,0,0,0,0,0,0,0,0,0,0,0,0,0,0,0,0,0,0,0,0,0,0,0,0,0,0,0,0,0,4.86441848743731,4.39222222222222,3.97481666288652,3.50262039767143,3.22866686827449,3.22767067362214,1.63674781381518,0,0,0
812,0,0,0,0,0,0,0,0,0,0,0,0,0,0,0,0,0,0,0,0,0,0,0,0,0,0,0,0,0,0,0,0,0,0,0,0,0,0,0,0,5.42698823114337,3.87030997202691,1.69891787001336,0,0,0,0,0
813,0,0,0,0,0,0,0,0,0,0,0,0,0,0,0,0,0,0,0,0,0,0,0,0,0,0,0,0,0,0,0,0,0,0,0,0,0,0,0,0,0,0,0,0,0,0,0,0
814,0,0,0,0,0,0,0,0,0,0,0,0,0,0,0,0,0,0,0,0,0,0,0,0,0,0,0,0,0,0,0,0,0,0,0,0,0,0,0,3.33090480749849,6.07137169925418,3.6052496976416,3.34183884297521,0,0,0,0,0
815,0,0,0,0,0,0,0,0,0,0,0,0,0,0,0,0,0,0,0,0,0,0,0,0,0,0,0,0,0,0,0,0,0,0,0,0,0,0,1.45868625277162,6.99890798226164,4.25665742793792,3.77308203991131,3.8944733924612,3.14821507760532,0,0,0,0
816,0,0,0,0,0,0,0,0,0,0,0,0,0,0,0,0,0,0,0,0,0,0,0,0,0,0,0,0,0,0,0,0,0,0,0,0,0,0,0,0,4.85611973392461,4.85611973392461,2.59785426325338,0,0,0,0,0
817,0,0,0,0,0,0,0,0,0,0,0,0,0,0,0,0,0,0,0,0,0,0,0,0,0,0,0,0,0,0,0,0,0,0,0,0,0,0,0.63093353154606,6.97738258415642,3.05235411207418,0,0,0,0,0,0,0
818,0,0,0,0,0,0,0,0,0,0,0,0,0,0,0,0,0,0,0,0,0,3.2908435799234,5.64919774239065,4.09873311832292,3.57822717194114,3.36821608546664,3.31194517234429,3.26773231203386,3.2908435799234,3.21246623664584,2.74722636565209,2.90197137673856,3.19035980649063,2.79143922596251,0,0,0,0,3.44558859100988,4.18715883894376,1.67305482765571,0,0,0,0,0,0,0
819,0,0,0,0,0,0,0,0,0,0,0,0,0,0,0,0,0,0,0,0,0,0,0,0,0,0,0,0,0,0,0,0,0,0,0,0,0,0,0,0,0,0,0,0,0,0,0,0
820,0,0,0,0,0,0,0,0,0,0,0,0,0,0,0,0,0,0,0,0,0,0,0,0,0,0,0,0,0,0,0,0,0,0,0,0,0,0,0,0,0,0,0,0,0,0,0,0
821,0,0,0,0,0,0,0,0,0,0,0,0,0,0,0,0,0,0,0,0,0,0,0,0,0,0,0,0,0,0,0,0,0,0,0,0,0,0,0,0,0,0,0,0,0,0,0,0
822,0,0,0,0,0,0,0,0,0,0,0,0,0,0,0,0,0,0,0,0,0,0,0,0,0,0,0,0,0,0,0,0,0,0,0,0,0,0,0,0,0,0,0,0,0,0,0,0
823,0,0,0,0,0,0,0,0,0,0,0,0,0,0,0,0,0,0,0,0,0,0,0,0,0,0,0,0,0,0,0,0,0,0,0,0,0,0,0,0,0,0,0,0,0,0,0,0
824,0,0,0,0,0,0,0,0,0,0,0,0,0,0,0,0,0,0,0,0,0,0,0,0,0,0,0,0,0,0,0,0,0,0,0,0,0,0,0,2.48581331919085,6.09852867641488,0.110480591964038,0,0,0,0,0,0
825,0,0,0,0,0,0,0,0,0,0,0,0,0,0,0,0,0,0,0,0,0,0,0,0,0,0,0,0,0,0,0,0,0,0,0,0,4.52604995327929,4.67024269515367,0.80407480364674,0,0,0,0,0,0,0,0,0
826,0,0,0,0,0,0,0,0,0,0,0,0,0,0,0,0,0,0,0,0,0,0,0,0,0,0,0,0,0,0,0,0,0,0,0,0,0,0,0,0,0,0,0,0,0,0,0,0
827,0,0,0,0,0,0,0,0,0,0,0,0,0,0,0,0,0,0,0,0,0,0,0,0,0,0,0,0,0,0,0,0,0,0,0,0,0,0,0,0,0,0,0,0,0,0,0,0
828,0,0,0,0,0,0,0,0,0,0,0,0,0,0,0,0,0,0,0,0,0,0,0,0,0,0,0,0,0,0,0,0,0,0,0,0,0,0,0,0,0,0,0,0,0,0,0,0
829,0,0,0,0,0,0,0,0,0,0,0,0,0,0,0,0,0,0,0,0,0,0,0,0,0,0,0,0,0,0,0,0,0,0,0,0,0,0,0,0,0,0,0,0,0,0,0,0
830,0,0,0,0,0,0,0,0,0,0,0,0,0,0,0,0,0,0,0,0,0,0,0,0,0,0,0,0,0,0,0,0,0,0,0,0,0,0,0,0,0,0,0,0,0,0,0,0
831,0,0,0,0,0,0,0,0,0,0,0,0,0,0,0,0,0,0,0,0,0,0,0,0,0,0,0,0,0,0,0,0,0,0,0,0,0,0,0,0,0,0,0,0,0,0,0,0
832,0,0,0,0,0,0,0,0,0,0,0,0,0,0,0,0,0,0,0,0,0,0,0,0,0,0,0,0,0,0,0,0,0,0,0,0,0,0,0,0,0,0,0,0,0,0,0,0
833,0,0,0,0,0,0,0,0,0,0,0,0,0,0,0,0,0,0,0,0,0,0,0,0,0,0,0,0,0,0,0,0,0,0,0,0,0,0,0,0,0,0,0,0,0,0,0,0
834,0,0,0,0,0,0,0,0,0,0,0,0,0,0,0,0,0,0,0,0,0,0,0,0,0,0,0,0,0,0,0,0,0,0,0,0,0,0,0,0,0,0,0,0,0,0,0,0
835,0,0,0,0,0,0,0,0,0,0,0,0,0,0,0,0,0,0,0,0,0,0,0,0,0,0,0,0,0,0,0,0,0,0,0,0,0,0,0,0,0,0,0,0,0,0,0,0
836,0,0,0,0,0,0,0,0,0,0,0,0,0,0,0,0,0,0,0,0,0,0,0,0,0,0,0,0,0,0,0,0,0,0,0,0,0,0,0,0,0,0,0,0,0,0,0,0
837,0,0,0,0,0,0,0,0,0,0,0,0,0,0,0,0,0,0,0,0,0,0,0,0,0,0,0,0,0,0,0,0,0,0,0,0,0,0,0,0,0,0,0,0,0,0,0,0
838,0,0,0,0,0,0,0,0,0,0,0,0,0,0,0,0,0,0,0,0,0,0,0,0,0,0,0,0,0,0,0,0,0,0,0,0,0,0,0,0,0,0,0,0,0,0,0,0
839,0,0,0,0,0,0,0,0,0,0,0,0,0,0,0,0,0,0,0,0,0,0,0,0,0,0,0,0,0,0,0,0,0,0,0,0,0,0,0,0,0,0,0,0,0,0,0,0
840,0,0,0,0,0,0,0,0,0,0,0,0,0,0,0,0,0,0,0,0,0,0,0,0,0,0,0,0,0,0,0,0,0,0,0,0,0,0,0,0,0,0,0,0,0,0,0,0
841,0,0,0,0,0,0,0,0,0,0,0,0,0,0,0,0,0,0,0,0,0,0,0,0,0,0,0,0,0,0,0,0,0,0,0,0,0,0,0,0,0,0,0,0,0,0,0,0
842,0,0,0,0,0,0,0,0,0,0,0,0,0,0,0,0,0,0,0,0,0,0,0,0,0,0,0,0,0,0,0,0,0,0,0,0,0,0,0,0,0,0,0,0,0,0,0,0
843,0,0,0,0,0,0,0,0,0,0,0,0,0,0,0,0,0,0,0,0,0,0,0,0,0,0,0,0,0,0,0,0,0,0,0,0,0,0,0,0,0,0,0,0,0,0,0,0
844,0,0,0,0,0,0,0,0,0,0,0,0,0,0,0,0,0,0,0,0,0,0,0,0,0,0,0,0,0,0,0,0,0,0,0,0,0,0,0,0,0,0,0,0,0,0,0,0
845,0,0,0,0,0,0,0,0,0,0,0,0,0,0,0,0,0,0,0,0,0,0,0,0,0,0,0,0,0,0,0,0,0,0,0,0,0,0,0,0,0,0,0,0,0,0,0,0
846,0,0,0,0,0,0,0,0,0,0,0,0,0,0,0,0,0,0,0,0,0,0,0,0,0,0,0,0,0,0,0,0,0,0,0,0,0,0,0,0,0,0,0,0,0,0,0,0
847,0,0,0,0,0,0,0,0,0,0,0,0,0,0,0,0,0,0,0,0,0,0,0,0,0,0,0,0,0,0,0,0,0,0,0,0,0,0,0,0,0,0,0,0,0,0,0,0
848,0,0,0,0,0,0,0,0,0,0,0,0,0,0,0,0,0,0,0,0,0,0,0,0,0,0,0,0,0,0,0,0,0,0,0,0,0,0,0,0,0,0,0,0,0,0,0,0
849,0,0,0,0,0,0,0,0,0,0,0,0,0,0,0,0,0,0,0,0,0,0,0,0,0,0,0,0,0,0,0,0,0,0,0,0,0,0,0,0,0,0,0,0,0,0,0,0
850,0,0,0,0,0,0,0,0,0,0,0,0,0,0,0,0,0,0,0,0,0,0,0,0,0,0,0,0,0,0,0,0,0,0,0,0,0,0,0,0,0,0,0,0,0,0,0,0
851,0,0,0,0,0,0,0,0,0,0,0,0,0,0,0,0,0,0,0,0,0,0,0,0,0,0,0,0,0,0,0,0,0,0,0,0,0,0,0,0,0,0,0,0,0,0,0,0
852,0,0,0,0,0,0,0,0,0,0,0,0,0,0,0,0,0,0,0,0,0,0,0,0,0,0,0,0,0,0,0,0,0,0,0,0,0,0,0,0,0,0,0,0,0,0,0,0
853,0,0,0,0,0,0,0,0,0,0,0,0,0,0,0,0,0,0,0,0,0,0,0,0,0,0,0,0,0,0,0,0,0,0,0,0,0,0,0,0,0,0,0,0,0,0,0,0
854,0,0,0,0,0,0,0,0,0,0,0,0,0,0,0,0,0,0,0,0,0,0,0,0,0,0,0,0,0,0,0,0,0,0,0,0,0,0,0,0,0,0,0,0,0,0,0,0
855,0,0,0,0,0,0,0,0,0,0,0,0,0,0,0,0,0,0,0,0,0,0,0,0,0,0,0,0,0,0,0,0,0,0,0,0,0,0,0,0,0,0,0,0,0,0,0,0
856,0,0,0,0,0,0,0,0,0,0,0,0,0,0,0,0,0,0,0,0,0,0,0,0,0,0,0,0,0,0,0,0,0,0,0,0,0,0,0,0,0,0,0,0,0,0,0,0
857,0,0,0,0,0,0,0,0,0,0,0,0,0,0,0,0,0,0,0,0,0,0,0,0,0,0,0,0,0,0,0,0,0,0,0,0,0,0,0,0,0,0,0,0,0,0,0,0
858,0,0,0,0,0,0,0,0,0,0,0,0,0,0,0,0,0,0,0,0,0,0,0,0,0,0,0,0,0,0,0,0,0,0,0,0,0,0,0,0,0,0,0,0,0,0,0,0
859,0,0,0,0,0,0,0,0,0,0,0,0,0,0,0,0,0,0,0,0,0,0,0,0,0,0,0,0,0,0,0,0,0,0,0,0,0,0,0,0,0,0,0,0,0,0,0,0
860,0,0,0,0,0,0,0,0,0,0,0,0,0,0,0,0,0,0,0,0,0,0,0,0,0,0,0,0,0,0,0,0,0,0,0,0,0,0,0,0,0,0,0,0,0,0,0,0
861,0,0,0,0,0,0,0,0,0,0,0,0,0,0,0,0,0,0,0,0,0,0,0,0,0,0,0,0,0,0,0,0,0,0,0,0,0,0,0,0,0,0,0,0,0,0,0,0
862,0,0,0,0,0,0,0,0,0,0,0,0,0,0,0,0,0,0,0,0,0,0,0,0,0,0,0,0,0,0,0,0,0,0,0,0,0,0,0,0,0,0,0,0,0,0,0,0
863,0,0,0,0,0,0,0,0,0,0,0,0,0,0,0,0,0,0,0,0,0,0,0,0,0,0,0,0,0,0,0,0,0,0,0,0,0,0,0,0,0,0,0,0,0,0,0,0
864,0,0,0,0,0,0,0,0,0,0,0,0,0,0,0,0,0,0,0,0,0,0,0,0,0,0,0,0,0,0,0,0,0,0,0,0,0,0,0,0,0,6.92666480913904,3.87013652828086,1.65520301932673,0,0,0,0
865,0,0,0,0,0,0,0,0,0,0,0,0,0,0,0,0,0,0,0,0,0,0,0,0,0,0,0,0,0,0,0,0,0,0,0,0,0,0,0,0,0,0,0,0,0,0,0,0
866,0,0,0,0,0,0,0,0,0,0,0,0,0,0,0,0,0,0,0,0,0,0,0,0,0,0,0,0,0,0,0,0,0,0,0,0,0,0,0,0,0,0,0,0,0,0,0,0
867,0,0,0,0,0,0,0,0,0,0,0,0,0,0,0,0,0,0,0,0,0,0,0,0,0,0,0,0,0,0,0,0,0,0,0,0,0,0,0,0,0,0,0,0,0,0,0,0
868,0,0,0,0,0,0,0,0,0,0,0,0,0,0,0,0,0,0,0,0,0,0,0,0,0,0,0,0,0,0,0,0,0,0,0,0,0,0,0,0,0,0,0,0,0,0,0,0
871,0,0,0,0,0,0,0,0,0,0,0,0,0,0,0,0,0,0,0,0,0,0,0,0,0,0,0,0,0,0,0,0,0,0,0,0,0,0,0,0,0,0,0,0,0,0,0,0
872,0,0,0,0,0,0,0,0,0,0,0,0,0,0,0,0,0,0,0,0,0,0,0,0,0,0,0,0,0,0,0,0,0,0,0,0,0,0,0,0,0,0,0,0,0,0,0,0
873,0,0,0,0,0,0,0,0,0,0,0,0,0,0,0,0,0,0,0,0,0,0,0,0,0,0,0,0,0,0,0,0,0,0,0,0,0,0,0,0,0,0,0,0,0,0,0,0
874,0,0,0,0,0,0,0,0,0,0,0,0,0,0,0,0,0,0,0,0,0,0,0,0,0,0,0,0,0,0,0,0,0,0,0,0,0,0,0,0,0,0,0,0,0,0,0,0
875,0,0,0,0,0,0,0,0,0,0,0,0,0,0,0,0,0,0,0,0,0,0,0,0,0,0,0,0,0,0,0,0,0,0,0,0,0,0,0,0,0,0,0,0,0,0,0,0
876,0,0,0,0,0,0,0,0,0,0,0,0,0,0,0,0,0,0,0,0,0,0,0,0,0,0,0,0,0,0,0,0,0,0,0,0,0,0,0,0,0,0,0,0,0,0,0,0
877,0,0,0,0,0,0,0,0,0,0,0,0,0,0,0,0,0,0,0,0,0,0,0,0,0,0,0,0,0,0,0,0,0,0,0,0,0,0,0,0,0,0,0,0,0,0,0,0
878,0,0,0,0,0,0,0,0,0,0,0,0,0,0,0,0,0,0,0,0,0,0,0,0,0,0,0,0,0,0,0,0,0,0,0,0,0,0,0,0,0,0,0,0,0,0,0,0
879,0,0,0,0,0,0,0,0,0,0,0,0,0,0,0,0,0,0,0,0,0,0,0,0,0,0,0,0,0,0,0,0,0,0,0,0,0,0,0,0,0,0,0,0,0,0,0,0
880,0,0,0,0,0,0,0,0,0,0,0,0,0,0,0,0,0,0,0,0,0,0,0,0,0,0,0,0,0,0,0,0,0,0,0,0,0,0,0,0,0,0,0,0,0,0,0,0
